canonical_researchr_id,name,mapped_name_for_matching,pc_name_norm,openalex_id,orcid,openalex_matched,match_source,match_confidence,needs_manual_review,review_reason,n_evidence_rows,n_citing_papers,n_cited_works,n_openalex_ids,candidate_openalex_ids,candidate_ref_author_names,candidate_orcids,n_pc_rows,n_conferences,first_observed_pc_year,last_observed_pc_year
aaronbembenek,Aaron Bembenek,Aaron Bembenek,aaron bembenek,,,False,unmatched_or_ambiguous_name,review,True,PC name maps to multiple OpenAlex Author IDs in the cited-author table.,16,14,4,2,"['A5007064313', 'A5008144113']",['Aaron Bembenek'],['0000-0002-3677-701X'],1,1,2025,2025
adityakanade,Aditya Kanade,Aditya Kanade,aditya kanade,,,False,unmatched_or_ambiguous_name,review,True,PC name maps to multiple OpenAlex Author IDs in the cited-author table.,32,30,13,3,"['A5037631148', 'A5103381179', 'A5107245208']",['Aditya Kanade'],['0000-0001-8701-6977'],2,1,2018,2021
adityavthakur,Aditya V. Thakur,Aditya V. Thakur,aditya v thakur,,,False,unmatched_or_ambiguous_name,review,True,PC name not found with an OpenAlex Author ID in the cited-author table.,0,0,0,0,,,,4,2,2022,2025
albertcohen,Albert Cohen,Albert Cohen,albert cohen,,,False,unmatched_or_ambiguous_name,review,True,PC name maps to multiple OpenAlex Author IDs in the cited-author table.,151,86,57,2,"['A5063162788', 'A5088365482']",['Albert Cohen'],['0000-0002-8866-5343'],5,3,2021,2025
alexkavvos,Alex Kavvos,Alex Kavvos,alex kavvos,,,False,unmatched_or_ambiguous_name,review,True,PC name not found with an OpenAlex Author ID in the cited-author table.,0,0,0,0,,,,3,3,2022,2025
alexanderjsummers,Alexander J. Summers,Alexander J. Summers,alexander j summers,,,False,unmatched_or_ambiguous_name,review,True,PC name maps to multiple OpenAlex Author IDs in the cited-author table.,170,103,35,2,"['A5042336573', 'A5080556886']",['Alexander J. Summers'],"['0000-0001-5554-9381', '0000-0002-7372-0610']",2,1,2021,2024
alexandrasilva,Alexandra Silva,Alexandra Silva,alexandra silva,,,False,unmatched_or_ambiguous_name,review,True,PC name maps to multiple OpenAlex Author IDs in the cited-author table.,123,83,43,2,"['A5091523601', 'A5100658822']","['ALEXANDRA SILVA', 'Alexandra Silva']",['0000-0001-5014-9784'],6,4,2017,2025
alexeyloginov,Alexey Loginov,Alexey Loginov,alexey loginov,,,False,unmatched_or_ambiguous_name,review,True,PC name not found with an OpenAlex Author ID in the cited-author table.,0,0,0,0,,,,1,1,2023,2023
amirkafshdargoharshady1,Amir K. Goharshady,Amir K. Goharshady,amir k goharshady,,,False,unmatched_or_ambiguous_name,review,True,PC name not found with an OpenAlex Author ID in the cited-author table.,0,0,0,0,,,,1,1,2024,2024
andreipopescu,Andrei Popescu,Andrei Popescu,andrei popescu,,,False,unmatched_or_ambiguous_name,review,True,PC name maps to multiple OpenAlex Author IDs in the cited-author table.,42,16,26,2,"['A5064907118', 'A5102940484']",['Andrei Popescu'],"['0000-0001-8747-0619', '0000-0002-6601-5454']",1,1,2024,2024
andrewdgordon,Andrew D. Gordon,Andrew D. Gordon,andrew d gordon,,,False,unmatched_or_ambiguous_name,review,True,PC name maps to multiple OpenAlex Author IDs in the cited-author table.,189,130,37,2,"['A5078684560', 'A5110910266']",['Andrew D. Gordon'],['0000-0002-5809-2484'],3,3,2017,2023
andrewkennedy,Andrew Kennedy,Andrew Kennedy,andrew kennedy,,,False,unmatched_or_ambiguous_name,review,True,PC name maps to multiple OpenAlex Author IDs in the cited-author table.,110,76,29,2,"['A5084971613', 'A5103778532']",['Andrew Kennedy'],['0000-0002-7888-2109'],3,2,2019,2024
andrzejmurawski,Andrzej Murawski,Andrzej Murawski,andrzej murawski,,,False,unmatched_or_ambiguous_name,review,True,PC name not found with an OpenAlex Author ID in the cited-author table.,0,0,0,0,,,,2,1,2020,2023
andraskovacs,András Kovács,András Kovács,andras kovacs,,,False,unmatched_or_ambiguous_name,review,True,PC name maps to multiple OpenAlex Author IDs in the cited-author table.,25,21,9,2,"['A5045224632', 'A5066948061']",['András Kovács'],"['0000-0001-8485-991X', '0000-0002-6375-9781']",1,1,2025,2025
angli,Ang Li,Ang Li,ang li,,,False,unmatched_or_ambiguous_name,review,True,PC name maps to multiple OpenAlex Author IDs in the cited-author table.,12,11,8,2,"['A5100413624', 'A5100413657']",['Ang Li'],"['0000-0002-7458-063X', '0000-0003-3734-9137']",1,1,2025,2025
angelicamoreira,Angelica Moreira,Angélica Aparecida Moreira,angelica aparecida moreira,,,False,unmatched_or_ambiguous_name,review,True,PC name not found with an OpenAlex Author ID in the cited-author table.,0,0,0,0,,,,1,1,2025,2025
anthonywidjajalin,Anthony Widjaja Lin,Anthony Widjaja Lin,anthony widjaja lin,,,False,unmatched_or_ambiguous_name,review,True,PC name not found with an OpenAlex Author ID in the cited-author table.,0,0,0,0,,,,1,1,2022,2022
anupamdas,Anupam Das,Anupam Das,anupam das,,,False,unmatched_or_ambiguous_name,review,True,PC name maps to multiple OpenAlex Author IDs in the cited-author table.,15,7,9,2,"['A5089810498', 'A5101816745']",['Anupam Das'],"['0000-0002-0142-3676', '0000-0002-8961-9963']",1,1,2025,2025
arielkellison,Ariel E. Kellison,Ariel E. Kellison,ariel e kellison,,,False,unmatched_or_ambiguous_name,review,True,PC name not found with an OpenAlex Author ID in the cited-author table.,0,0,0,0,,,,1,1,2025,2025
aritrasengupta,Aritra Sengupta,Aritra Sengupta,aritra sengupta,,,False,unmatched_or_ambiguous_name,review,True,PC name maps to multiple OpenAlex Author IDs in the cited-author table.,19,12,10,2,"['A5015672019', 'A5107243687']",['Aritra Sengupta'],"['0000-0001-6268-010X', '0000-0003-0138-9858']",2,1,2020,2021
assiamahboubi,Assia Mahboubi,Assia Mahboubi,assia mahboubi,,,False,unmatched_or_ambiguous_name,review,True,PC name maps to multiple OpenAlex Author IDs in the cited-author table.,20,18,10,2,"['A5034173374', 'A5113674451']",['Assia Mahboubi'],['0000-0002-0312-5461'],2,2,2022,2024
bartjacobs,Bart Jacobs,Bart Jacobs,bart jacobs,,,False,unmatched_or_ambiguous_name,review,True,PC name maps to multiple OpenAlex Author IDs in the cited-author table.,244,153,63,2,"['A5042359645', 'A5102972733']",['Bart Jacobs'],"['0000-0002-0740-0336', '0000-0002-3605-249X']",2,1,2017,2021
billharris,Bill Harris,William Harris,william harris,,,False,unmatched_or_ambiguous_name,review,True,PC name not found with an OpenAlex Author ID in the cited-author table.,0,0,0,0,,,,1,1,2025,2025
brentyorgey,Brent Yorgey,Brent Yorgey,brent yorgey,,,False,unmatched_or_ambiguous_name,review,True,PC name not found with an OpenAlex Author ID in the cited-author table.,0,0,0,0,,,,1,1,2024,2024
cameronfreer,Cameron Freer,Cameron Freer,cameron freer,,,False,unmatched_or_ambiguous_name,review,True,PC name not found with an OpenAlex Author ID in the cited-author table.,0,0,0,0,,,,1,1,2024,2024
casperbach,Casper Bach,Casper Bach,casper bach,,,False,unmatched_or_ambiguous_name,review,True,PC name not found with an OpenAlex Author ID in the cited-author table.,0,0,0,0,,,,2,2,2024,2024
cezaradragoi,Cezara Drăgoi,Cezara Drăgoi,cezara dragoi,,,False,unmatched_or_ambiguous_name,review,True,PC name maps to multiple OpenAlex Author IDs in the cited-author table.,57,36,13,2,"['A5089014944', 'A5105116463']",['Cezara Drăgoi'],[],4,3,2017,2024
chaowang3,Chao Wang,Chao Wang,chao wang,,,False,unmatched_or_ambiguous_name,review,True,PC name maps to multiple OpenAlex Author IDs in the cited-author table.,131,86,53,16,"['A5079094062', 'A5100406852', 'A5100406863', 'A5100406890', 'A5100406906', 'A5100406941', 'A5100406950', 'A5100406988', 'A5100407017', 'A5100407035', 'A5100407078', 'A5100407158', 'A5100773459', 'A5101934907', 'A5115076700', 'A5115602540']",['Chao Wang'],"['0000-0001-5020-961X', '0000-0001-5499-3421', '0000-0001-6710-227X', '0000-0001-7398-1127', '0000-0001-8452-1214', '0000-0002-1083-109X', '0000-0002-1560-6182', '0000-0002-4548-3697', '0000-0002-6251-7908', '0000-0002-6357-3661', '0000-0002-7427-793X', '0000-0002-8779-4215', '0000-0003-0057-5341', '0000-0003-4887-923X', '0009-0000-8858-4968', '0009-0003-4684-3943']",1,1,2023,2023
charlessutton,Charles Sutton,Charles Sutton,charles sutton,,,False,unmatched_or_ambiguous_name,review,True,PC name maps to multiple OpenAlex Author IDs in the cited-author table.,59,32,20,2,"['A5028501178', 'A5042489298']",['Charles Sutton'],['0000-0002-0041-3820'],2,2,2017,2023
chending,Chen Ding,Chen Ding,chen ding,,,False,unmatched_or_ambiguous_name,review,True,PC name maps to multiple OpenAlex Author IDs in the cited-author table.,38,16,32,2,"['A5002777604', 'A5050227516']",['Chen Ding'],"['0000-0002-9195-2255', '0000-0003-4968-6659']",1,1,2024,2024
chenglongwang,Chenglong Wang,Chenglong Wang,chenglong wang,,,False,unmatched_or_ambiguous_name,review,True,PC name maps to multiple OpenAlex Author IDs in the cited-author table.,100,65,19,5,"['A5063667052', 'A5100367807', 'A5100367813', 'A5100367824', 'A5100367825']",['Chenglong Wang'],"['0000-0001-6576-9214', '0000-0002-5351-967X', '0000-0002-5933-6620', '0000-0003-2262-4167', '0000-0003-2391-0923']",2,1,2022,2024
chriscasinghino1,Chris Casinghino,Chris Casinghino,chris casinghino,,,False,unmatched_or_ambiguous_name,review,True,PC name maps to multiple OpenAlex Author IDs in the cited-author table.,35,26,9,2,"['A5021193410', 'A5115826665']",['Chris Casinghino'],['0009-0005-6689-9463'],1,1,2025,2025
christianwimmer,Christian Wimmer,Christian Wimmer,christian wimmer,,,False,unmatched_or_ambiguous_name,review,True,PC name maps to multiple OpenAlex Author IDs in the cited-author table.,95,51,31,2,"['A5013620492', 'A5099309884']",['Christian Wimmer'],"['0000-0003-4691-4265', '0009-0003-3213-9306']",2,2,2024,2025
colingordon,Colin Gordon,Colin Gordon,colin gordon,,,False,unmatched_or_ambiguous_name,review,True,PC name not found with an OpenAlex Author ID in the cited-author table.,0,0,0,0,,,,8,3,2018,2025
cormacflanagan,Cormac Flanagan,Cormac Flanagan,cormac flanagan,,,False,unmatched_or_ambiguous_name,review,True,PC name maps to multiple OpenAlex Author IDs in the cited-author table.,463,276,80,2,"['A5018139743', 'A5110315014']",['Cormac Flanagan'],['0000-0002-1828-3120'],2,2,2021,2025
cristalopes,Crista Lopes,Crista Lopes,crista lopes,,,False,unmatched_or_ambiguous_name,review,True,PC name not found with an OpenAlex Author ID in the cited-author table.,0,0,0,0,,,,3,1,2021,2023
dalalalrajeh1,Dalal Alrajeh,Dalal Alrajeh,dalal alrajeh,,,False,unmatched_or_ambiguous_name,review,True,PC name not found with an OpenAlex Author ID in the cited-author table.,0,0,0,0,,,,1,1,2025,2025
danbarowy,Dan Barowy,Dan Barowy,dan barowy,,,False,unmatched_or_ambiguous_name,review,True,PC name not found with an OpenAlex Author ID in the cited-author table.,0,0,0,0,,,,3,2,2020,2025
danghica,Dan Ghica,Dan Ghica,dan ghica,,,False,unmatched_or_ambiguous_name,review,True,PC name not found with an OpenAlex Author ID in the cited-author table.,0,0,0,0,,,,1,1,2025,2025
danadrachslercohen,Dana Drachsler Cohen,Dana Drachsler Cohen,dana drachsler cohen,,,False,unmatched_or_ambiguous_name,review,True,PC name not found with an OpenAlex Author ID in the cited-author table.,0,0,0,0,,,,6,2,2019,2025
danfrumin1,Daniel Frumin,Daniel Frumin,daniel frumin,,,False,unmatched_or_ambiguous_name,review,True,PC name not found with an OpenAlex Author ID in the cited-author table.,0,0,0,0,,,,1,1,2025,2025
danieljackson,Daniel Jackson,Daniel Jackson,daniel jackson,,,False,unmatched_or_ambiguous_name,review,True,PC name maps to multiple OpenAlex Author IDs in the cited-author table.,66,36,29,2,"['A5101853727', 'A5101853728']",['Daniel Jackson'],"['0000-0002-1097-0997', '0000-0002-8833-9476']",1,1,2021,2021
davesands,Dave Sands,Dave Sands,dave sands,,,False,unmatched_or_ambiguous_name,review,True,PC name not found with an OpenAlex Author ID in the cited-author table.,0,0,0,0,,,,1,1,2018,2018
davidnaumann,David Naumann,David Naumann,david naumann,,,False,unmatched_or_ambiguous_name,review,True,PC name not found with an OpenAlex Author ID in the cited-author table.,0,0,0,0,,,,2,1,2019,2023
davidwalker,David Walker,David Walker,david walker,,,False,unmatched_or_ambiguous_name,review,True,PC name maps to multiple OpenAlex Author IDs in the cited-author table.,304,195,77,3,"['A5011939986', 'A5034009645', 'A5049454219']",['David Walker'],"['0000-0002-1360-6330', '0000-0002-8583-4279', '0000-0003-3681-149X']",4,3,2018,2024
diwang,Di Wang,Di Wang,di wang,,,False,unmatched_or_ambiguous_name,review,True,PC name maps to multiple OpenAlex Author IDs in the cited-author table.,91,67,21,3,"['A5091000845', 'A5100401412', 'A5100401482']",['Di Wang'],"['0000-0001-9740-4826', '0000-0002-2418-7987', '0000-0003-4908-0243']",2,2,2024,2024
edwardaftandilian,Eddie Aftandilian,Eddie Aftandilian,eddie aftandilian,,,False,unmatched_or_ambiguous_name,review,True,PC name not found with an OpenAlex Author ID in the cited-author table.,0,0,0,0,,,,2,2,2017,2025
eddyzhengzhang,Eddy (Zheng) Zhang,Eddy (Zheng) Zhang,eddy (zheng) zhang,,,False,unmatched_or_ambiguous_name,review,True,PC name not found with an OpenAlex Author ID in the cited-author table.,0,0,0,0,,,,1,1,2019,2019
eliotmoss,Eliot Moss,Eliot Moss,eliot moss,,,False,unmatched_or_ambiguous_name,review,True,PC name not found with an OpenAlex Author ID in the cited-author table.,0,0,0,0,,,,1,1,2022,2022
erikmeijer,Erik Meijer,Erik Meijer,erik meijer,,,False,unmatched_or_ambiguous_name,review,True,PC name maps to multiple OpenAlex Author IDs in the cited-author table.,81,67,23,3,"['A5053775941', 'A5074555535', 'A5103175875']",['Erik Meijer'],"['0000-0001-6779-0295', '0000-0001-7959-4670', '0000-0002-4238-5098']",2,1,2022,2024
frankfu,Frank Fu,Frank Fu,frank fu,,,False,unmatched_or_ambiguous_name,review,True,PC name not found with an OpenAlex Author ID in the cited-author table.,0,0,0,0,,,,1,1,2025,2025
gailkaiser,Gail Kaiser,Gail Kaiser,gail kaiser,,,False,unmatched_or_ambiguous_name,review,True,PC name not found with an OpenAlex Author ID in the cited-author table.,0,0,0,0,,,,4,2,2019,2024
ganeshgopalakrishnan,Ganesh Gopalakrishnan,Ganesh Gopalakrishnan,ganesh gopalakrishnan,,,False,unmatched_or_ambiguous_name,review,True,PC name maps to multiple OpenAlex Author IDs in the cited-author table.,92,46,29,2,"['A5069846379', 'A5103146139']",['Ganesh Gopalakrishnan'],"['0000-0002-3705-0031', '0000-0002-4161-9278']",1,1,2025,2025
gangtan,Gang (Gary) Tan,Gang (Gary) Tan,gang (gary) tan,,,False,unmatched_or_ambiguous_name,review,True,PC name not found with an OpenAlex Author ID in the cited-author table.,0,0,0,0,,,,2,2,2023,2025
gilbertlouisbernstein1,Gilbert Louis Bernstein,Gilbert Louis Bernstein,gilbert louis bernstein,,,False,unmatched_or_ambiguous_name,review,True,PC name not found with an OpenAlex Author ID in the cited-author table.,0,0,0,0,,,,1,1,2025,2025
guilhemejaber,Guilhème Jaber,Guilhème Jaber,guilheme jaber,,,False,unmatched_or_ambiguous_name,review,True,PC name not found with an OpenAlex Author ID in the cited-author table.,0,0,0,0,,,,1,1,2024,2024
harryxu,Guoqing Harry Xu,Guoqing Harry Xu,guoqing harry xu,,,False,unmatched_or_ambiguous_name,review,True,PC name not found with an OpenAlex Author ID in the cited-author table.,0,0,0,0,,,,2,2,2018,2019
guylsteelejr,Guy L. Steele Jr.,Guy L. Steele Jr.,guy l steele jr,,,False,unmatched_or_ambiguous_name,review,True,PC name not found with an OpenAlex Author ID in the cited-author table.,0,0,0,0,,,,1,1,2025,2025
hansjboehm,Hans-J. Boehm,Hans-J. Boehm,hans-j boehm,,,False,unmatched_or_ambiguous_name,review,True,PC name not found with an OpenAlex Author ID in the cited-author table.,0,0,0,0,,,,1,1,2017,2017
harleydeadesiii,Harley D. Eades III,Harley D. Eades III,harley d eades iii,,,False,unmatched_or_ambiguous_name,review,True,PC name not found with an OpenAlex Author ID in the cited-author table.,0,0,0,0,,,,2,1,2021,2025
hongjinliang,Hongjin Liang,Hongjin Liang,hongjin liang,,,False,unmatched_or_ambiguous_name,review,True,PC name maps to multiple OpenAlex Author IDs in the cited-author table.,98,56,16,2,"['A5102821301', 'A5113904546']",['Hongjin Liang'],['0000-0003-2630-6756'],5,3,2019,2024
hsiangshangko,Hsiang-Shang ‘Josh’ Ko,Hsiang-Shang ‘Josh’ Ko,hsiang-shang 'josh' ko,,,False,unmatched_or_ambiguous_name,review,True,PC name not found with an OpenAlex Author ID in the cited-author table.,0,0,0,0,,,,1,1,2025,2025
jameschapman1,James Chapman,James Chapman,james chapman,,,False,unmatched_or_ambiguous_name,review,True,PC name maps to multiple OpenAlex Author IDs in the cited-author table.,48,39,15,2,"['A5027681613', 'A5071284944']",['James Chapman'],"['0000-0001-9036-8252', '0000-0002-9850-0403']",1,1,2023,2023
jimlarus,James Larus,James Larus,james larus,,,False,unmatched_or_ambiguous_name,review,True,PC name not found with an OpenAlex Author ID in the cited-author table.,0,0,0,0,,,,3,2,2022,2025
janhoffmann,Jan Hoffmann,Jan Hoffmann,jan hoffmann,,,False,unmatched_or_ambiguous_name,review,True,PC name maps to multiple OpenAlex Author IDs in the cited-author table.,367,133,52,2,"['A5101496943', 'A5103328158']",['Jan Hoffmann'],['0000-0001-8326-0788'],8,3,2017,2025
jasminblanchette1,Jasmin Blanchette,Jasmin Blanchette,jasmin blanchette,,,False,unmatched_or_ambiguous_name,review,True,PC name not found with an OpenAlex Author ID in the cited-author table.,0,0,0,0,,,,1,1,2025,2025
jeanyang,Jean Yang,Jean Yang,jean yang,,,False,unmatched_or_ambiguous_name,review,True,PC name maps to multiple OpenAlex Author IDs in the cited-author table.,61,40,10,3,"['A5028524705', 'A5105875045', 'A5112869680']",['Jean Yang'],['0000-0002-5271-2603'],1,1,2018,2018
jeffhuang,Jeff Huang,Jeff Huang,jeff huang,,,False,unmatched_or_ambiguous_name,review,True,PC name maps to multiple OpenAlex Author IDs in the cited-author table.,131,72,34,2,"['A5052381120', 'A5103035835']",['Jeff Huang'],"['0000-0002-3453-5666', '0000-0003-1393-0752']",5,2,2017,2024
jennadivincenzowise,Jenna DiVincenzo (Wise),Jenna DiVincenzo (Wise),jenna divincenzo (wise),,,False,unmatched_or_ambiguous_name,review,True,PC name not found with an OpenAlex Author ID in the cited-author table.,0,0,0,0,,,,1,1,2025,2025
jeremygibbons,Jeremy Gibbons,Jeremy Gibbons,jeremy gibbons,,,False,unmatched_or_ambiguous_name,review,True,PC name maps to multiple OpenAlex Author IDs in the cited-author table.,103,72,52,2,"['A5086558126', 'A5108741201']",['Jeremy Gibbons'],['0000-0002-8426-9917'],3,2,2023,2024
jialuzhang,Jialu Zhang,Jialu Zhang,jialu zhang,,,False,unmatched_or_ambiguous_name,review,True,PC name maps to multiple OpenAlex Author IDs in the cited-author table.,7,4,5,3,"['A5014754883', 'A5100764599', 'A5100764602']",['Jialu Zhang'],"['0000-0002-6884-9663', '0009-0003-8193-0719', '0009-0004-7114-3372']",1,1,2025,2025
jonathanragankelley,Jonathan Ragan-Kelley,Jonathan Ragan-Kelley,jonathan ragan-kelley,,,False,unmatched_or_ambiguous_name,review,True,PC name not found with an OpenAlex Author ID in the cited-author table.,0,0,0,0,,,,2,1,2018,2023
julienverlaguet,Julien Verlaguet,Julien Verlaguet,julien verlaguet,,,False,unmatched_or_ambiguous_name,review,True,PC name not found with an OpenAlex Author ID in the cited-author table.,0,0,0,0,,,,1,1,2017,2017
juneyounglee2,Juneyoung Lee,Juneyoung Lee,juneyoung lee,,,False,unmatched_or_ambiguous_name,review,True,PC name maps to multiple OpenAlex Author IDs in the cited-author table.,76,45,10,2,"['A5009604611', 'A5100318692']",['Juneyoung Lee'],"['0000-0001-8073-9304', '0000-0002-8152-9330']",1,1,2025,2025
junfengyang,Junfeng Yang,Junfeng Yang,junfeng yang,,,False,unmatched_or_ambiguous_name,review,True,PC name maps to multiple OpenAlex Author IDs in the cited-author table.,69,59,29,3,"['A5056288677', 'A5101783316', 'A5112881523']",['Junfeng Yang'],"['0000-0001-7771-0260', '0000-0003-1981-6424', '0009-0004-9396-7882']",1,1,2017,2017
kathleenfisher,Kathleen Fisher,Kathleen Fisher,kathleen fisher,,,False,unmatched_or_ambiguous_name,review,True,PC name maps to multiple OpenAlex Author IDs in the cited-author table.,79,41,35,2,"['A5047373593', 'A5056099984']",['Kathleen Fisher'],"['0000-0001-5249-2615', '0000-0001-6326-7157']",3,2,2017,2019
kewang,Ke Wang,Ke Wang,ke wang,,,False,unmatched_or_ambiguous_name,review,True,PC name maps to multiple OpenAlex Author IDs in the cited-author table.,34,26,15,8,"['A5001578135', 'A5052144233', 'A5068556410', 'A5100360109', 'A5100360129', 'A5100360130', 'A5100360148', 'A5101445828']",['Ke Wang'],"['0000-0001-6781-981X', '0000-0002-1956-5031', '0000-0002-8021-4951', '0000-0002-8088-607X', '0000-0003-0844-5023', '0000-0003-1945-6596', '0000-0003-2300-0743', '0000-0003-2460-7758']",4,1,2020,2025
kedarnamjoshi,Kedar Namjoshi,Kedar Namjoshi,kedar namjoshi,,,False,unmatched_or_ambiguous_name,review,True,PC name not found with an OpenAlex Author ID in the cited-author table.,0,0,0,0,,,,1,1,2021,2021
kimbruce,Kim Bruce,Kim Bruce,kim bruce,,,False,unmatched_or_ambiguous_name,review,True,PC name not found with an OpenAlex Author ID in the cited-author table.,0,0,0,0,,,,1,1,2017,2017
klausvgleissenthall,Klaus v. Gleissenthall,Klaus v. Gleissenthall,klaus v gleissenthall,,,False,unmatched_or_ambiguous_name,review,True,PC name not found with an OpenAlex Author ID in the cited-author table.,0,0,0,0,,,,2,1,2022,2024
konstantinoskallas,Konstantinos Kallas,Konstantinos Kallas,konstantinos kallas,,,False,unmatched_or_ambiguous_name,review,True,PC name not found with an OpenAlex Author ID in the cited-author table.,0,0,0,0,,,,1,1,2025,2025
kristofmarussy,Kristóf Marussy,Kristóf Marussy,kristof marussy,,,False,unmatched_or_ambiguous_name,review,True,PC name not found with an OpenAlex Author ID in the cited-author table.,0,0,0,0,,,,1,1,2025,2025
kuenbanghoufavonia,Kuen-Bang Hou (Favonia),Kuen-Bang Hou (Favonia),kuen-bang hou (favonia),,,False,unmatched_or_ambiguous_name,review,True,PC name not found with an OpenAlex Author ID in the cited-author table.,0,0,0,0,,,,2,2,2021,2024
liangtingchen,Liang-Ting Chen,Liang-Ting Chen,liang-ting chen,,,False,unmatched_or_ambiguous_name,review,True,PC name not found with an OpenAlex Author ID in the cited-author table.,0,0,0,0,,,,1,1,2023,2023
lingmingzhang1,Lingming Zhang,Lingming Zhang,lingming zhang,,,False,unmatched_or_ambiguous_name,review,True,PC name maps to multiple OpenAlex Author IDs in the cited-author table.,109,55,53,3,"['A5028946205', 'A5043546718', 'A5113160035']",['Lingming Zhang'],"['0000-0001-5175-2702', '0000-0002-8681-0287']",1,1,2024,2024
luzhang,Lu Zhang,Lu Zhang,lu zhang,,,False,unmatched_or_ambiguous_name,review,True,PC name maps to multiple OpenAlex Author IDs in the cited-author table.,132,103,52,8,"['A5100388550', 'A5100388576', 'A5100388581', 'A5100388597', 'A5100753041', 'A5101556967', 'A5101660937', 'A5115587872']",['Lu Zhang'],"['0000-0001-5115-4518', '0000-0001-8304-7055', '0000-0001-8567-508X', '0000-0002-0385-2327', '0000-0002-1193-4429', '0000-0002-1838-7042', '0000-0002-4933-6889', '0009-0008-0452-6049']",1,1,2017,2017
maazbinsafeerahmad,Maaz Bin Safeer Ahmad,Maaz Bin Safeer Ahmad,maaz bin safeer ahmad,,,False,unmatched_or_ambiguous_name,review,True,PC name not found with an OpenAlex Author ID in the cited-author table.,0,0,0,0,,,,1,1,2025,2025
mahmuttaylankandemir,Mahmut Taylan Kandemir,Mahmut Taylan Kandemir,mahmut taylan kandemir,,,False,unmatched_or_ambiguous_name,review,True,PC name not found with an OpenAlex Author ID in the cited-author table.,0,0,0,0,,,,2,1,2021,2025
manuelserrano,Manuel Serrano,Manuel Serrano,manuel serrano,,,False,unmatched_or_ambiguous_name,review,True,PC name maps to multiple OpenAlex Author IDs in the cited-author table.,40,23,20,2,"['A5029403444', 'A5102890645']",['Manuel Serrano'],"['0000-0002-5240-1610', '0000-0003-0962-5659']",3,2,2022,2025
mariekerjean1,Marie Kerjean,Marie Kerjean,marie kerjean,,,False,unmatched_or_ambiguous_name,review,True,PC name not found with an OpenAlex Author ID in the cited-author table.,0,0,0,0,,,,1,1,2025,2025
markjones,Mark Jones,Mark Jones,mark jones,,,False,unmatched_or_ambiguous_name,review,True,PC name not found with an OpenAlex Author ID in the cited-author table.,0,0,0,0,,,,1,1,2017,2017
martinabadi,Martin Abadi,Martin Abadi,martin abadi,,,False,unmatched_or_ambiguous_name,review,True,PC name not found with an OpenAlex Author ID in the cited-author table.,0,0,0,0,,,,1,1,2017,2017
martinrinard,Martin C. Rinard,Martin C. Rinard,martin c rinard,,,False,unmatched_or_ambiguous_name,review,True,PC name not found with an OpenAlex Author ID in the cited-author table.,0,0,0,0,,,,2,1,2019,2021
martinerwig,Martin Erwig,Martin Erwig,martin erwig,,,False,unmatched_or_ambiguous_name,review,True,PC name maps to multiple OpenAlex Author IDs in the cited-author table.,80,38,27,2,"['A5078733350', 'A5105469807']",['Martin Erwig'],['0000-0002-7471-4554'],2,2,2017,2019
matthewhammer,Matthew Hammer,Matthew Hammer,matthew hammer,,,False,unmatched_or_ambiguous_name,review,True,PC name not found with an OpenAlex Author ID in the cited-author table.,0,0,0,0,,,,1,1,2019,2019
matthewparkinson,Matthew J. Parkinson,Matthew J. Parkinson,matthew j parkinson,,,False,unmatched_or_ambiguous_name,review,True,PC name not found with an OpenAlex Author ID in the cited-author table.,0,0,0,0,,,,4,2,2019,2025
mengwang,Meng Wang,Meng Wang,meng wang,,,False,unmatched_or_ambiguous_name,review,True,PC name maps to multiple OpenAlex Author IDs in the cited-author table.,71,43,29,3,"['A5074307489', 'A5083328834', 'A5100377147']",['Meng Wang'],"['0000-0001-7780-630X', '0000-0002-3094-7735', '0009-0008-1749-7929']",1,1,2024,2024
michaeldadams,Michael D. Adams,Michael D. Adams,michael d adams,,,False,unmatched_or_ambiguous_name,review,True,PC name maps to multiple OpenAlex Author IDs in the cited-author table.,32,23,18,2,"['A5014296250', 'A5101495354']",['Michael D. Adams'],"['0000-0001-6163-7062', '0000-0003-3160-6972']",3,2,2019,2023
michaeloboyle,Michael F. P. O'Boyle,Michael F. P. O'Boyle,michael f p o'boyle,,,False,unmatched_or_ambiguous_name,review,True,PC name not found with an OpenAlex Author ID in the cited-author table.,0,0,0,0,,,,3,1,2021,2025
michaelfranz,Michael Franz,Michael Franz,michael franz,,,False,unmatched_or_ambiguous_name,review,True,PC name maps to multiple OpenAlex Author IDs in the cited-author table.,55,41,27,2,"['A5103069673', 'A5107250730']",['Michael Franz'],"['0000-0001-5911-2275', '0000-0003-0112-709X']",1,1,2025,2025
michaelhicks,Michael Hicks,Michael Hicks,michael hicks,,,False,unmatched_or_ambiguous_name,review,True,PC name maps to multiple OpenAlex Author IDs in the cited-author table.,295,202,80,2,"['A5046625836', 'A5111458229']",['Michael Hicks'],['0000-0002-2759-9223'],4,3,2021,2024
muralidaranvijayaraghavan,Muralidaran Vijayaraghavan,Murali Vijayaraghavan,murali vijayaraghavan,,,False,unmatched_or_ambiguous_name,review,True,PC name not found with an OpenAlex Author ID in the cited-author table.,0,0,0,0,,,,1,1,2024,2024
nachiappanvalliappan,Nachiappan Valliappan,Nachiappan Valliappan,nachiappan valliappan,,,False,unmatched_or_ambiguous_name,review,True,PC name maps to multiple OpenAlex Author IDs in the cited-author table.,3,2,3,2,"['A5076882327', 'A5112789797']",['Nachiappan Valliappan'],['0000-0002-9358-3852'],1,1,2025,2025
naokikobayashi,Naoki Kobayashi,Naoki Kobayashi,naoki kobayashi,,,False,unmatched_or_ambiguous_name,review,True,PC name maps to multiple OpenAlex Author IDs in the cited-author table.,309,103,86,2,"['A5100772472', 'A5100772473']",['Naoki Kobayashi'],"['0000-0001-7082-955X', '0000-0002-0537-0604']",2,1,2021,2025
nehaagarwal,Neha Agarwal,Neha Agarwal,neha agarwal,,,False,unmatched_or_ambiguous_name,review,True,PC name not found with an OpenAlex Author ID in the cited-author table.,0,0,0,0,,,,1,1,2019,2019
neiljulienross,Neil Julien Ross,Neil Julien Ross,neil julien ross,,,False,unmatched_or_ambiguous_name,review,True,PC name not found with an OpenAlex Author ID in the cited-author table.,0,0,0,0,,,,2,2,2024,2025
nikhilswamy,Nikhil Swamy,Nikhil Swamy,nikhil swamy,,,False,unmatched_or_ambiguous_name,review,True,PC name maps to multiple OpenAlex Author IDs in the cited-author table.,339,179,51,2,"['A5039334115', 'A5109559439']",['Nikhil Swamy'],"['0000-0001-5348-9266', '0000-0002-9254-3015']",5,3,2017,2025
nikosvasilakis,Nikos Vasilakis,Nikos Vasilakis,nikos vasilakis,,,False,unmatched_or_ambiguous_name,review,True,PC name maps to multiple OpenAlex Author IDs in the cited-author table.,9,6,8,2,"['A5034441711', 'A5073156357']",['Nikos Vasilakis'],"['0000-0001-7347-298X', '0000-0002-0708-3289']",1,1,2021,2021
normanramsey,Norman Ramsey,Norman Ramsey,norman ramsey,,,False,unmatched_or_ambiguous_name,review,True,PC name not found with an OpenAlex Author ID in the cited-author table.,0,0,0,0,,,,1,1,2021,2021
pmadhusudan,P. Madhusudan,P. Madhusudan,p madhusudan,,,False,unmatched_or_ambiguous_name,review,True,PC name maps to multiple OpenAlex Author IDs in the cited-author table.,320,149,77,2,"['A5082165802', 'A5112870293']",['P. Madhusudan'],['0000-0002-9782-721X'],6,3,2019,2025
pavelparizek,Pavel Parizek,Pavel Parízek,pavel parizek,,,False,unmatched_or_ambiguous_name,review,True,PC name not found with an OpenAlex Author ID in the cited-author table.,0,0,0,0,,,,1,1,2025,2025
pengwu,Peng Wu,Peng Wu,peng wu,,,False,unmatched_or_ambiguous_name,review,True,PC name maps to multiple OpenAlex Author IDs in the cited-author table.,22,17,18,6,"['A5030772308', 'A5032693575', 'A5101608169', 'A5101621116', 'A5102910910', 'A5108630261']",['Peng Wu'],"['0000-0002-0584-8161', '0000-0002-3775-3802', '0000-0002-4931-0566', '0000-0002-6294-0431', '0000-0003-2938-6798']",1,1,2017,2017
petermller,Peter Müller,Peter Müller,peter muller,,,False,unmatched_or_ambiguous_name,review,True,PC name maps to multiple OpenAlex Author IDs in the cited-author table.,294,163,84,3,"['A5014189899', 'A5073853337', 'A5109230478']","['Peter Müller', 'Péter Müller']","['0000-0001-7001-2566', '0000-0002-3063-9636']",4,2,2018,2024
peterohearn,Peter O'Hearn,Peter O'Hearn,peter o'hearn,,,False,unmatched_or_ambiguous_name,review,True,PC name not found with an OpenAlex Author ID in the cited-author table.,0,0,0,0,,,,1,1,2019,2019
philippruemmer,Philipp Ruemmer,Philipp Ruemmer,philipp ruemmer,,,False,unmatched_or_ambiguous_name,review,True,PC name maps to multiple OpenAlex Author IDs in the cited-author table.,3,3,2,2,"['A5068090484', 'A5109657310']","['Philipp Ruemmer', 'Philipp Rüemmer']",['0000-0002-2733-7098'],1,1,2022,2022
pierreganty,Pierre Ganty,Pierre Ganty,pierre ganty,,,False,unmatched_or_ambiguous_name,review,True,PC name maps to multiple OpenAlex Author IDs in the cited-author table.,26,15,15,2,"['A5030085363', 'A5106696065']",['Pierre Ganty'],['0000-0002-3625-6003'],1,1,2021,2021
pierreevaristedagand,Pierre-Evariste Dagand,Pierre-Evariste Dagand,pierre-evariste dagand,,,False,unmatched_or_ambiguous_name,review,True,PC name maps to multiple OpenAlex Author IDs in the cited-author table.,60,47,21,2,"['A5047227539', 'A5067823073']","['PIERRE-ÉVARISTE DAGAND', 'Pierre-Évariste Dagand']",[],1,1,2019,2019
rahulsharma,Rahul Sharma,Rahul Sharma,rahul sharma,,,False,unmatched_or_ambiguous_name,review,True,PC name maps to multiple OpenAlex Author IDs in the cited-author table.,287,164,47,7,"['A5047705301', 'A5054300851', 'A5091151406', 'A5101769895', 'A5101845444', 'A5101845446', 'A5103065972']",['Rahul Sharma'],"['0000-0001-7527-4653', '0000-0001-7826-6034', '0000-0002-1177-1156', '0000-0002-2440-5286', '0000-0002-9024-8768', '0000-0003-0789-2569', '0000-0003-1697-3897']",6,3,2018,2025
robsison,Rob Sison,Rob Sison,rob sison,,,False,unmatched_or_ambiguous_name,review,True,PC name not found with an OpenAlex Author ID in the cited-author table.,0,0,0,0,,,,2,1,2024,2025
robertrand,Robert Rand,Robert Rand,robert rand,,,False,unmatched_or_ambiguous_name,review,True,PC name not found with an OpenAlex Author ID in the cited-author table.,0,0,0,0,,,,4,2,2022,2025
rolandmeyer,Roland Meyer,Roland Meyer,roland meyer,,,False,unmatched_or_ambiguous_name,review,True,PC name maps to multiple OpenAlex Author IDs in the cited-author table.,79,46,26,2,"['A5085643838', 'A5102494505']",['Roland Meyer'],['0000-0001-8495-671X'],2,1,2021,2025
ryanrnewton,Ryan R. Newton,Ryan R. Newton,ryan r newton,,,False,unmatched_or_ambiguous_name,review,True,PC name not found with an OpenAlex Author ID in the cited-author table.,0,0,0,0,,,,4,3,2018,2022
sarahchasins,Sarah E. Chasins,Sarah E. Chasins,sarah e chasins,,,False,unmatched_or_ambiguous_name,review,True,PC name not found with an OpenAlex Author ID in the cited-author table.,0,0,0,0,,,,5,3,2020,2025
satishchandra,Satish Chandra,Satish Chandra,satish chandra,,,False,unmatched_or_ambiguous_name,review,True,PC name maps to multiple OpenAlex Author IDs in the cited-author table.,136,116,42,2,"['A5101965118', 'A5104084134']",['Satish Chandra'],"['0000-0001-7625-4726', '0000-0003-2546-9000']",4,3,2020,2025
satnamsingh,Satnam Singh,Satnam Singh,satnam singh,,,False,unmatched_or_ambiguous_name,review,True,PC name maps to multiple OpenAlex Author IDs in the cited-author table.,28,25,8,2,"['A5101711903', 'A5109562655']",['Satnam Singh'],['0009-0006-4229-0554'],2,2,2023,2024
shaohuali,Shaohua Li,Shaohua Li,shaohua li,,,False,unmatched_or_ambiguous_name,review,True,PC name maps to multiple OpenAlex Author IDs in the cited-author table.,10,7,5,2,"['A5022863629', 'A5100367943']",['Shaohua Li'],"['0000-0001-7556-3615', '0000-0002-4229-9886']",1,1,2025,2025
sharonshoham,Sharon Shoham,Sharon Shoham Buchbinder,sharon shoham buchbinder,,,False,unmatched_or_ambiguous_name,review,True,PC name not found with an OpenAlex Author ID in the cited-author table.,0,0,0,0,,,,3,2,2017,2025
shengchen1,Sheng Chen,Sheng Chen,sheng chen,,,False,unmatched_or_ambiguous_name,review,True,PC name maps to multiple OpenAlex Author IDs in the cited-author table.,64,26,18,2,"['A5100320969', 'A5100321009']",['Sheng Chen'],"['0000-0001-6882-600X', '0000-0003-1735-0704']",3,2,2021,2025
silviaghilezan,Silvia Ghilezan,Silvia Ghilezan,silvia ghilezan,,,False,unmatched_or_ambiguous_name,review,True,PC name maps to multiple OpenAlex Author IDs in the cited-author table.,16,11,10,2,"['A5031880141', 'A5058331186']",['Silvia Ghilezan'],['0000-0003-2253-8285'],1,1,2022,2022
simonpeytonjones,Simon Peyton Jones,Simon Peyton Jones,simon peyton jones,,,False,unmatched_or_ambiguous_name,review,True,PC name maps to multiple OpenAlex Author IDs in the cited-author table.,575,259,126,2,"['A5027817074', 'A5111426939']",['Simon Peyton Jones'],['0000-0002-6085-1435'],5,3,2021,2025
sohamchakraborty,Soham Chakraborty,Soham Chakraborty,soham chakraborty,,,False,unmatched_or_ambiguous_name,review,True,PC name maps to multiple OpenAlex Author IDs in the cited-author table.,107,61,14,3,"['A5057239424', 'A5076643620', 'A5101626748']",['Soham Chakraborty'],"['0000-0002-4454-2050', '0000-0002-4990-9931', '0000-0003-1229-4176']",1,1,2024,2024
sriramkrishnamoorthy,Sriram Krishnamoorthy,Sriram Krishnamoorthy,sriram krishnamoorthy,,,False,unmatched_or_ambiguous_name,review,True,PC name maps to multiple OpenAlex Author IDs in the cited-author table.,66,52,32,2,"['A5006650430', 'A5101425092']",['Sriram Krishnamoorthy'],"['0000-0002-4682-1002', '0000-0002-8228-8890']",1,1,2020,2020
sriramrajamani,Sriram Rajamani,Sriram Rajamani,sriram rajamani,,,False,unmatched_or_ambiguous_name,review,True,PC name not found with an OpenAlex Author ID in the cited-author table.,0,0,0,0,,,,1,1,2024,2024
sriramsankaranarayanan,Sriram Sankaranarayanan,Sriram Sankaranarayanan,sriram sankaranarayanan,,,False,unmatched_or_ambiguous_name,review,True,PC name maps to multiple OpenAlex Author IDs in the cited-author table.,179,115,35,2,"['A5083421065', 'A5103106502']",['Sriram Sankaranarayanan'],"['0000-0001-7315-4340', '0000-0001-8876-5507']",1,1,2021,2021
steveblackburn,Steve Blackburn,Steve Blackburn,steve blackburn,,,False,unmatched_or_ambiguous_name,review,True,PC name not found with an OpenAlex Author ID in the cited-author table.,0,0,0,0,,,,6,2,2018,2024
subhajitroy,Subhajit Roy,Subhajit Roy,subhajit roy,,,False,unmatched_or_ambiguous_name,review,True,PC name maps to multiple OpenAlex Author IDs in the cited-author table.,63,29,30,2,"['A5014601092', 'A5101699843']",['Subhajit Roy'],"['0000-0002-3394-023X', '0000-0002-6920-6328']",1,1,2024,2024
suparnabhattacharya,Suparna Bhattacharya,Suparna Bhattacharya,suparna bhattacharya,,,False,unmatched_or_ambiguous_name,review,True,PC name not found with an OpenAlex Author ID in the cited-author table.,0,0,0,0,,,,1,1,2017,2017
thomaspjensen,Thomas P. Jensen,Thomas P. Jensen,thomas p jensen,,,False,unmatched_or_ambiguous_name,review,True,PC name not found with an OpenAlex Author ID in the cited-author table.,0,0,0,0,,,,1,1,2024,2024
tijsvanderstorm,Tijs van der Storm,Tijs van der Storm,tijs van der storm,,,False,unmatched_or_ambiguous_name,review,True,PC name maps to multiple OpenAlex Author IDs in the cited-author table.,22,17,10,3,"['A5014852863', 'A5105775590', 'A5105972252']",['Tijs van der Storm'],['0000-0001-8853-7934'],1,1,2023,2023
tingcao,Ting Cao,Ting Cao,ting cao,,,False,unmatched_or_ambiguous_name,review,True,PC name maps to multiple OpenAlex Author IDs in the cited-author table.,7,5,5,2,"['A5101534161', 'A5101945161']",['Ting Cao'],"['0000-0002-7675-0882', '0000-0002-9107-013X']",2,1,2021,2022
tomaspetricek,Tomas Petricek,Tomas Petricek,tomas petricek,,,False,unmatched_or_ambiguous_name,review,True,PC name not found with an OpenAlex Author ID in the cited-author table.,0,0,0,0,,,,1,1,2024,2024
tonyhosking,Tony Hosking,Tony Hosking,tony hosking,,,False,unmatched_or_ambiguous_name,review,True,PC name not found with an OpenAlex Author ID in the cited-author table.,0,0,0,0,,,,4,1,2018,2025
urialon,Uri Alon,Uri Alon,uri alon,,,False,unmatched_or_ambiguous_name,review,True,PC name maps to multiple OpenAlex Author IDs in the cited-author table.,23,18,10,2,"['A5010209966', 'A5107243336']",['Uri Alon'],"['0000-0001-5796-9988', '0000-0003-1121-5907']",1,1,2021,2021
vaishnavisundararajan,Vaishnavi Sundararajan,Vaishnavi Sundararajan,vaishnavi sundararajan,,,False,unmatched_or_ambiguous_name,review,True,PC name not found with an OpenAlex Author ID in the cited-author table.,0,0,0,0,,,,1,1,2025,2025
weizhang,Wei Zhang,Wei Zhang,wei zhang,,,False,unmatched_or_ambiguous_name,review,True,PC name maps to multiple OpenAlex Author IDs in the cited-author table.,27,18,15,11,"['A5023155310', 'A5061515087', 'A5069960498', 'A5100441535', 'A5100441570', 'A5100441789', 'A5100441817', 'A5100643324', 'A5100727539', 'A5100727546', 'A5101814390']","['Wei Zhang', 'Wěi Zhāng']","['0000-0001-8020-4190', '0000-0001-9405-447X', '0000-0002-1220-9851', '0000-0002-1533-6979', '0000-0002-7622-6714', '0000-0002-8326-8496', '0000-0003-1343-2817', '0000-0003-2615-2603', '0000-0003-3605-9373', '0000-0003-4980-7430', '0009-0000-5880-4579']",1,1,2024,2024
weinganchin,Wei-Ngan Chin,Wei-Ngan Chin,wei-ngan chin,,,False,unmatched_or_ambiguous_name,review,True,PC name maps to multiple OpenAlex Author IDs in the cited-author table.,112,70,47,2,"['A5016580696', 'A5047181479']",['Wei-Ngan Chin'],['0000-0002-9660-5682'],1,1,2022,2022
wenxiwang,Wenxi Wang,Wenxi Wang,wenxi wang,,,False,unmatched_or_ambiguous_name,review,True,PC name maps to multiple OpenAlex Author IDs in the cited-author table.,4,3,3,2,"['A5100739654', 'A5102708544']",['Wenxi Wang'],"['0000-0001-8943-2296', '0009-0002-6016-6195']",1,1,2025,2025
williamcook,William Cook,William Cook,william cook,,,False,unmatched_or_ambiguous_name,review,True,PC name not found with an OpenAlex Author ID in the cited-author table.,0,0,0,0,,,,1,1,2018,2018
xiangyuzhang,Xiangyu Zhang,Xiangyu Zhang,xiangyu zhang,,,False,unmatched_or_ambiguous_name,review,True,PC name maps to multiple OpenAlex Author IDs in the cited-author table.,146,109,64,4,"['A5100362457', 'A5100362465', 'A5100362470', 'A5107249133']",['Xiangyu Zhang'],"['0000-0002-5273-4765', '0000-0002-9544-2500', '0000-0003-2138-4608', '0000-0003-3186-8067']",1,1,2025,2025
xinzhang,Xin Zhang,Xin Zhang,xin zhang,,,False,unmatched_or_ambiguous_name,review,True,PC name maps to multiple OpenAlex Author IDs in the cited-author table.,58,38,16,15,"['A5027743278', 'A5051085669', 'A5080314329', 'A5087502184', 'A5100327327', 'A5100327375', 'A5100327487', 'A5100327497', 'A5100327518', 'A5100327544', 'A5100327572', 'A5100327604', 'A5100763365', 'A5101966013', 'A5116410532']",['Xin Zhang'],"['0000-0001-5250-1657', '0000-0001-5647-2777', '0000-0001-6388-9327', '0000-0001-8956-6024', '0000-0002-0579-2268', '0000-0002-1515-7145', '0000-0002-4125-5996', '0000-0002-5673-309X', '0000-0002-6029-1933', '0000-0002-6449-8536', '0000-0002-7947-916X', '0000-0002-9565-479X', '0000-0003-1391-7662', '0000-0003-3088-4399', '0000-0003-3416-839X']",4,2,2018,2024
xinyufeng,Xinyu Feng,Xinyu Feng,xinyu feng,,,False,unmatched_or_ambiguous_name,review,True,PC name maps to multiple OpenAlex Author IDs in the cited-author table.,166,83,30,2,"['A5101761507', 'A5101761508']",['Xinyu Feng'],"['0000-0003-1068-383X', '0009-0006-8363-4771']",5,2,2018,2024
xinyuwang,Xinyu Wang,Xinyu Wang,xinyu wang,,,False,unmatched_or_ambiguous_name,review,True,PC name maps to multiple OpenAlex Author IDs in the cited-author table.,190,96,32,3,"['A5100352782', 'A5100352786', 'A5100352800']",['Xinyu Wang'],"['0000-0002-1836-0202', '0000-0002-2602-5551', '0000-0002-5507-6569']",5,3,2021,2025
yufeng,Yu Feng,Yu Feng,yu feng,,,False,unmatched_or_ambiguous_name,review,True,PC name maps to multiple OpenAlex Author IDs in the cited-author table.,237,132,31,3,"['A5070410939', 'A5071856444', 'A5101567136']",['Yu Feng'],"['0000-0001-9068-3746', '0000-0002-2898-6778', '0000-0003-1000-1229']",3,2,2022,2025
yuepengwang,Yuepeng Wang,Yuepeng Wang,yuepeng wang,,,False,unmatched_or_ambiguous_name,review,True,PC name maps to multiple OpenAlex Author IDs in the cited-author table.,129,83,18,2,"['A5024695395', 'A5101979875']",['Yuepeng Wang'],"['0000-0002-7938-5948', '0000-0003-3370-2431']",3,2,2022,2024
zhendongsu,Zhendong Su,Zhendong Su,zhendong su,,,False,unmatched_or_ambiguous_name,review,True,PC name maps to multiple OpenAlex Author IDs in the cited-author table.,462,192,113,2,"['A5077610917', 'A5109597801']",['Zhendong Su'],['0000-0002-2970-1391'],3,2,2018,2022
zhengzhang,Zheng Zhang,Eddy (Zheng) Zhang,eddy (zheng) zhang,,,False,unmatched_or_ambiguous_name,review,True,PC name not found with an OpenAlex Author ID in the cited-author table.,0,0,0,0,,,,1,1,2024,2024
zhenjianghu,Zhenjiang Hu,Zhenjiang Hu,zhenjiang hu,,,False,unmatched_or_ambiguous_name,review,True,PC name maps to multiple OpenAlex Author IDs in the cited-author table.,147,52,72,2,"['A5010096754', 'A5102717988']",['Zhenjiang Hu'],['0000-0002-9034-205X'],4,3,2019,2025
zhihaojia1,Zhihao Jia,Zhihao Jia,zhihao jia,,,False,unmatched_or_ambiguous_name,review,True,PC name maps to multiple OpenAlex Author IDs in the cited-author table.,45,36,12,2,"['A5039360973', 'A5062437461']",['Zhihao Jia'],"['0000-0001-5525-2721', '0000-0002-1270-5185']",1,1,2022,2022
zhiqiangzuo,Zhiqiang Zuo,Zhiqiang Zuo,zhiqiang zuo,,,False,unmatched_or_ambiguous_name,review,True,PC name maps to multiple OpenAlex Author IDs in the cited-author table.,41,27,18,2,"['A5037713727', 'A5067825173']",['Zhiqiang Zuo'],"['0000-0001-7104-9918', '0000-0002-4566-7488']",4,2,2022,2025
