plot_order,researcher_id,name,conference,plot_conference,pc_year,selected_event_label,event_time,year,selected_source_conferences,selected_conference_citations,all_studied_conference_citations,source_share,source_share_pct,baseline_source_share,baseline_source_share_pct,delta_source_share,delta_source_share_pp
1,clementpitclaudel,Clément Pit-Claudel,PLDI,PLDI,2024,PLDI 2024,-2,2022,PLDI,6.0,17.0,0.35294117647058826,35.294117647058826,0.35294117647058826,35.294117647058826,0.0,0.0
1,clementpitclaudel,Clément Pit-Claudel,PLDI,PLDI,2024,PLDI 2024,-1,2023,PLDI,3.0,12.0,0.25,25.0,0.35294117647058826,35.294117647058826,-0.10294117647058826,-10.294117647058826
1,clementpitclaudel,Clément Pit-Claudel,PLDI,PLDI,2024,PLDI 2024,0,2024,PLDI,13.0,20.0,0.65,65.0,0.35294117647058826,35.294117647058826,0.29705882352941176,29.705882352941178
1,clementpitclaudel,Clément Pit-Claudel,PLDI,PLDI,2024,PLDI 2024,1,2025,PLDI,5.0,20.0,0.25,25.0,0.35294117647058826,35.294117647058826,-0.10294117647058826,-10.294117647058826
1,clementpitclaudel,Clément Pit-Claudel,PLDI,PLDI,2024,PLDI 2024,2,2026,PLDI,,,,,0.35294117647058826,35.294117647058826,,
2,clementpitclaudel,Clément Pit-Claudel,OOPSLA_COMBINED,OOPSLA combined,2025,OOPSLA 2025,-2,2023,"OOPSLA1, OOPSLA2",2.0,12.0,0.16666666666666666,16.666666666666664,0.16666666666666666,16.666666666666664,0.0,0.0
2,clementpitclaudel,Clément Pit-Claudel,OOPSLA_COMBINED,OOPSLA combined,2025,OOPSLA 2025,-1,2024,"OOPSLA1, OOPSLA2",2.0,20.0,0.1,10.0,0.16666666666666666,16.666666666666664,-0.06666666666666665,-6.666666666666665
2,clementpitclaudel,Clément Pit-Claudel,OOPSLA_COMBINED,OOPSLA combined,2025,OOPSLA 2025,0,2025,"OOPSLA1, OOPSLA2",9.0,20.0,0.45,45.0,0.16666666666666666,16.666666666666664,0.2833333333333333,28.333333333333332
2,clementpitclaudel,Clément Pit-Claudel,OOPSLA_COMBINED,OOPSLA combined,2025,OOPSLA 2025,1,2026,"OOPSLA1, OOPSLA2",,,,,0.16666666666666666,16.666666666666664,,
2,clementpitclaudel,Clément Pit-Claudel,OOPSLA_COMBINED,OOPSLA combined,2025,OOPSLA 2025,2,2027,"OOPSLA1, OOPSLA2",,,,,0.16666666666666666,16.666666666666664,,
3,viktorkuncak,Viktor Kunčak,OOPSLA,OOPSLA,2020,OOPSLA 2020,-2,2018,OOPSLA,5.0,30.0,0.16666666666666666,16.666666666666664,0.16666666666666666,16.666666666666664,0.0,0.0
3,viktorkuncak,Viktor Kunčak,OOPSLA,OOPSLA,2020,OOPSLA 2020,-1,2019,OOPSLA,8.0,31.0,0.25806451612903225,25.806451612903224,0.16666666666666666,16.666666666666664,0.0913978494623656,9.13978494623656
3,viktorkuncak,Viktor Kunčak,OOPSLA,OOPSLA,2020,OOPSLA 2020,0,2020,OOPSLA,20.0,37.0,0.5405405405405406,54.054054054054056,0.16666666666666666,16.666666666666664,0.37387387387387394,37.38738738738739
3,viktorkuncak,Viktor Kunčak,OOPSLA,OOPSLA,2020,OOPSLA 2020,1,2021,OOPSLA,10.0,36.0,0.2777777777777778,27.77777777777778,0.16666666666666666,16.666666666666664,0.11111111111111113,11.111111111111112
3,viktorkuncak,Viktor Kunčak,OOPSLA,OOPSLA,2020,OOPSLA 2020,2,2022,OOPSLA,0.0,17.0,0.0,0.0,0.16666666666666666,16.666666666666664,-0.16666666666666666,-16.666666666666664
4,viktorkuncak,Viktor Kunčak,PLDI,PLDI,2021,PLDI 2021,-2,2019,PLDI,11.0,31.0,0.3548387096774194,35.483870967741936,0.3548387096774194,35.483870967741936,0.0,0.0
4,viktorkuncak,Viktor Kunčak,PLDI,PLDI,2021,PLDI 2021,-1,2020,PLDI,7.0,37.0,0.1891891891891892,18.91891891891892,0.3548387096774194,35.483870967741936,-0.16564952048823017,-16.564952048823017
4,viktorkuncak,Viktor Kunčak,PLDI,PLDI,2021,PLDI 2021,0,2021,PLDI,18.0,36.0,0.5,50.0,0.3548387096774194,35.483870967741936,0.14516129032258063,14.516129032258062
4,viktorkuncak,Viktor Kunčak,PLDI,PLDI,2021,PLDI 2021,1,2022,PLDI,5.0,17.0,0.29411764705882354,29.411764705882355,0.3548387096774194,35.483870967741936,-0.060721062618595834,-6.072106261859584
4,viktorkuncak,Viktor Kunčak,PLDI,PLDI,2021,PLDI 2021,2,2023,PLDI,7.0,24.0,0.2916666666666667,29.166666666666668,0.3548387096774194,35.483870967741936,-0.06317204301075269,-6.317204301075269
5,peterthiemann,Peter Thiemann,ICFP,ICFP,2023,ICFP 2023,-2,2021,ICFP,3.0,14.0,0.21428571428571427,21.428571428571427,0.21428571428571427,21.428571428571427,0.0,0.0
5,peterthiemann,Peter Thiemann,ICFP,ICFP,2023,ICFP 2023,-1,2022,ICFP,2.0,13.0,0.15384615384615385,15.384615384615385,0.21428571428571427,21.428571428571427,-0.06043956043956042,-6.043956043956042
5,peterthiemann,Peter Thiemann,ICFP,ICFP,2023,ICFP 2023,0,2023,ICFP,8.0,21.0,0.38095238095238093,38.095238095238095,0.21428571428571427,21.428571428571427,0.16666666666666666,16.666666666666664
5,peterthiemann,Peter Thiemann,ICFP,ICFP,2023,ICFP 2023,1,2024,ICFP,1.0,26.0,0.038461538461538464,3.8461538461538463,0.21428571428571427,21.428571428571427,-0.1758241758241758,-17.58241758241758
5,peterthiemann,Peter Thiemann,ICFP,ICFP,2023,ICFP 2023,2,2025,ICFP,4.0,14.0,0.2857142857142857,28.57142857142857,0.21428571428571427,21.428571428571427,0.07142857142857142,7.142857142857142
6,simonjgay,Simon J. Gay,ICFP,ICFP,2023,ICFP 2023,-2,2021,ICFP,2.0,7.0,0.2857142857142857,28.57142857142857,0.2857142857142857,28.57142857142857,0.0,0.0
6,simonjgay,Simon J. Gay,ICFP,ICFP,2023,ICFP 2023,-1,2022,ICFP,3.0,12.0,0.25,25.0,0.2857142857142857,28.57142857142857,-0.0357142857142857,-3.57142857142857
6,simonjgay,Simon J. Gay,ICFP,ICFP,2023,ICFP 2023,0,2023,ICFP,11.0,22.0,0.5,50.0,0.2857142857142857,28.57142857142857,0.2142857142857143,21.42857142857143
6,simonjgay,Simon J. Gay,ICFP,ICFP,2023,ICFP 2023,1,2024,ICFP,0.0,13.0,0.0,0.0,0.2857142857142857,28.57142857142857,-0.2857142857142857,-28.57142857142857
6,simonjgay,Simon J. Gay,ICFP,ICFP,2023,ICFP 2023,2,2025,ICFP,1.0,12.0,0.08333333333333333,8.333333333333332,0.2857142857142857,28.57142857142857,-0.20238095238095238,-20.238095238095237
7,ezgicicek,Ezgi Çiçek,ICFP,ICFP,2019,ICFP 2019,-2,2017,ICFP,1.0,6.0,0.16666666666666666,16.666666666666664,0.16666666666666666,16.666666666666664,0.0,0.0
7,ezgicicek,Ezgi Çiçek,ICFP,ICFP,2019,ICFP 2019,-1,2018,ICFP,5.0,8.0,0.625,62.5,0.16666666666666666,16.666666666666664,0.45833333333333337,45.833333333333336
7,ezgicicek,Ezgi Çiçek,ICFP,ICFP,2019,ICFP 2019,0,2019,ICFP,7.0,12.0,0.5833333333333334,58.333333333333336,0.16666666666666666,16.666666666666664,0.41666666666666674,41.66666666666667
7,ezgicicek,Ezgi Çiçek,ICFP,ICFP,2019,ICFP 2019,1,2020,ICFP,2.0,7.0,0.2857142857142857,28.57142857142857,0.16666666666666666,16.666666666666664,0.11904761904761904,11.904761904761903
7,ezgicicek,Ezgi Çiçek,ICFP,ICFP,2019,ICFP 2019,2,2021,ICFP,0.0,1.0,0.0,0.0,0.16666666666666666,16.666666666666664,-0.16666666666666666,-16.666666666666664
8,brandonlucia,Brandon Lucia,OOPSLA,OOPSLA,2019,OOPSLA 2019,-2,2017,OOPSLA,10.0,13.0,0.7692307692307693,76.92307692307693,0.7692307692307693,76.92307692307693,0.0,0.0
8,brandonlucia,Brandon Lucia,OOPSLA,OOPSLA,2019,OOPSLA 2019,-1,2018,OOPSLA,1.0,13.0,0.07692307692307693,7.6923076923076925,0.7692307692307693,76.92307692307693,-0.6923076923076923,-69.23076923076923
8,brandonlucia,Brandon Lucia,OOPSLA,OOPSLA,2019,OOPSLA 2019,0,2019,OOPSLA,24.0,46.0,0.5217391304347826,52.17391304347826,0.7692307692307693,76.92307692307693,-0.24749163879598668,-24.74916387959867
8,brandonlucia,Brandon Lucia,OOPSLA,OOPSLA,2019,OOPSLA 2019,1,2020,OOPSLA,14.0,25.0,0.56,56.00000000000001,0.7692307692307693,76.92307692307693,-0.20923076923076922,-20.923076923076923
8,brandonlucia,Brandon Lucia,OOPSLA,OOPSLA,2019,OOPSLA 2019,2,2021,OOPSLA,0.0,12.0,0.0,0.0,0.7692307692307693,76.92307692307693,-0.7692307692307693,-76.92307692307693
9,jonathanbrachthauser,Jonathan Immanuel Brachthäuser,POPL,POPL,2024,POPL 2024,-2,2022,POPL,0.0,18.0,0.0,0.0,0.0,0.0,0.0,0.0
9,jonathanbrachthauser,Jonathan Immanuel Brachthäuser,POPL,POPL,2024,POPL 2024,-1,2023,POPL,1.0,19.0,0.05263157894736842,5.263157894736842,0.0,0.0,0.05263157894736842,5.263157894736842
9,jonathanbrachthauser,Jonathan Immanuel Brachthäuser,POPL,POPL,2024,POPL 2024,0,2024,POPL,16.0,45.0,0.35555555555555557,35.55555555555556,0.0,0.0,0.35555555555555557,35.55555555555556
9,jonathanbrachthauser,Jonathan Immanuel Brachthäuser,POPL,POPL,2024,POPL 2024,1,2025,POPL,2.0,48.0,0.041666666666666664,4.166666666666666,0.0,0.0,0.041666666666666664,4.166666666666666
9,jonathanbrachthauser,Jonathan Immanuel Brachthäuser,POPL,POPL,2024,POPL 2024,2,2026,POPL,,,,,0.0,0.0,,
10,fritzhenglein,Fritz Henglein,POPL,POPL,2024,POPL 2024,-2,2022,POPL,2.0,6.0,0.3333333333333333,33.33333333333333,0.3333333333333333,33.33333333333333,0.0,0.0
10,fritzhenglein,Fritz Henglein,POPL,POPL,2024,POPL 2024,-1,2023,POPL,0.0,3.0,0.0,0.0,0.3333333333333333,33.33333333333333,-0.3333333333333333,-33.33333333333333
10,fritzhenglein,Fritz Henglein,POPL,POPL,2024,POPL 2024,0,2024,POPL,13.0,25.0,0.52,52.0,0.3333333333333333,33.33333333333333,0.1866666666666667,18.66666666666667
10,fritzhenglein,Fritz Henglein,POPL,POPL,2024,POPL 2024,1,2025,POPL,2.0,7.0,0.2857142857142857,28.57142857142857,0.3333333333333333,33.33333333333333,-0.047619047619047616,-4.761904761904762
10,fritzhenglein,Fritz Henglein,POPL,POPL,2024,POPL 2024,2,2026,POPL,,,,,0.3333333333333333,33.33333333333333,,
