plot_order,researcher_id,name,conference,plot_conference,pc_year,selected_event_label,event_time,year,source_group,citation_count,total_citations,source_share,source_share_pct,pc_status_for_source
1,clementpitclaudel,Clément Pit-Claudel,PLDI,PLDI,2024,PLDI 2024,-2,2022,ICFP,1.0,17.0,0.058823529411764705,5.88235294117647,0.0
1,clementpitclaudel,Clément Pit-Claudel,PLDI,PLDI,2024,PLDI 2024,-2,2022,POPL,7.0,17.0,0.4117647058823529,41.17647058823529,0.0
1,clementpitclaudel,Clément Pit-Claudel,PLDI,PLDI,2024,PLDI 2024,-2,2022,OOPSLA,3.0,17.0,0.17647058823529413,17.647058823529413,0.0
1,clementpitclaudel,Clément Pit-Claudel,PLDI,PLDI,2024,PLDI 2024,-2,2022,PLDI,6.0,17.0,0.35294117647058826,35.294117647058826,1.0
1,clementpitclaudel,Clément Pit-Claudel,PLDI,PLDI,2024,PLDI 2024,-1,2023,ICFP,3.0,12.0,0.25,25.0,0.0
1,clementpitclaudel,Clément Pit-Claudel,PLDI,PLDI,2024,PLDI 2024,-1,2023,POPL,4.0,12.0,0.3333333333333333,33.33333333333333,1.0
1,clementpitclaudel,Clément Pit-Claudel,PLDI,PLDI,2024,PLDI 2024,-1,2023,OOPSLA,2.0,12.0,0.16666666666666666,16.666666666666664,0.0
1,clementpitclaudel,Clément Pit-Claudel,PLDI,PLDI,2024,PLDI 2024,-1,2023,PLDI,3.0,12.0,0.25,25.0,0.0
1,clementpitclaudel,Clément Pit-Claudel,PLDI,PLDI,2024,PLDI 2024,0,2024,ICFP,1.0,20.0,0.05,5.0,1.0
1,clementpitclaudel,Clément Pit-Claudel,PLDI,PLDI,2024,PLDI 2024,0,2024,POPL,4.0,20.0,0.2,20.0,0.0
1,clementpitclaudel,Clément Pit-Claudel,PLDI,PLDI,2024,PLDI 2024,0,2024,OOPSLA,2.0,20.0,0.1,10.0,0.0
1,clementpitclaudel,Clément Pit-Claudel,PLDI,PLDI,2024,PLDI 2024,0,2024,PLDI,13.0,20.0,0.65,65.0,1.0
1,clementpitclaudel,Clément Pit-Claudel,PLDI,PLDI,2024,PLDI 2024,1,2025,ICFP,1.0,20.0,0.05,5.0,0.0
1,clementpitclaudel,Clément Pit-Claudel,PLDI,PLDI,2024,PLDI 2024,1,2025,POPL,5.0,20.0,0.25,25.0,1.0
1,clementpitclaudel,Clément Pit-Claudel,PLDI,PLDI,2024,PLDI 2024,1,2025,OOPSLA,9.0,20.0,0.45,45.0,1.0
1,clementpitclaudel,Clément Pit-Claudel,PLDI,PLDI,2024,PLDI 2024,1,2025,PLDI,5.0,20.0,0.25,25.0,0.0
1,clementpitclaudel,Clément Pit-Claudel,PLDI,PLDI,2024,PLDI 2024,2,2026,ICFP,,,,,
1,clementpitclaudel,Clément Pit-Claudel,PLDI,PLDI,2024,PLDI 2024,2,2026,POPL,,,,,
1,clementpitclaudel,Clément Pit-Claudel,PLDI,PLDI,2024,PLDI 2024,2,2026,OOPSLA,,,,,
1,clementpitclaudel,Clément Pit-Claudel,PLDI,PLDI,2024,PLDI 2024,2,2026,PLDI,,,,,
2,clementpitclaudel,Clément Pit-Claudel,OOPSLA_COMBINED,OOPSLA combined,2025,OOPSLA 2025,-2,2023,ICFP,3.0,12.0,0.25,25.0,0.0
2,clementpitclaudel,Clément Pit-Claudel,OOPSLA_COMBINED,OOPSLA combined,2025,OOPSLA 2025,-2,2023,POPL,4.0,12.0,0.3333333333333333,33.33333333333333,1.0
2,clementpitclaudel,Clément Pit-Claudel,OOPSLA_COMBINED,OOPSLA combined,2025,OOPSLA 2025,-2,2023,OOPSLA,2.0,12.0,0.16666666666666666,16.666666666666664,0.0
2,clementpitclaudel,Clément Pit-Claudel,OOPSLA_COMBINED,OOPSLA combined,2025,OOPSLA 2025,-2,2023,PLDI,3.0,12.0,0.25,25.0,0.0
2,clementpitclaudel,Clément Pit-Claudel,OOPSLA_COMBINED,OOPSLA combined,2025,OOPSLA 2025,-1,2024,ICFP,1.0,20.0,0.05,5.0,1.0
2,clementpitclaudel,Clément Pit-Claudel,OOPSLA_COMBINED,OOPSLA combined,2025,OOPSLA 2025,-1,2024,POPL,4.0,20.0,0.2,20.0,0.0
2,clementpitclaudel,Clément Pit-Claudel,OOPSLA_COMBINED,OOPSLA combined,2025,OOPSLA 2025,-1,2024,OOPSLA,2.0,20.0,0.1,10.0,0.0
2,clementpitclaudel,Clément Pit-Claudel,OOPSLA_COMBINED,OOPSLA combined,2025,OOPSLA 2025,-1,2024,PLDI,13.0,20.0,0.65,65.0,1.0
2,clementpitclaudel,Clément Pit-Claudel,OOPSLA_COMBINED,OOPSLA combined,2025,OOPSLA 2025,0,2025,ICFP,1.0,20.0,0.05,5.0,0.0
2,clementpitclaudel,Clément Pit-Claudel,OOPSLA_COMBINED,OOPSLA combined,2025,OOPSLA 2025,0,2025,POPL,5.0,20.0,0.25,25.0,1.0
2,clementpitclaudel,Clément Pit-Claudel,OOPSLA_COMBINED,OOPSLA combined,2025,OOPSLA 2025,0,2025,OOPSLA,9.0,20.0,0.45,45.0,1.0
2,clementpitclaudel,Clément Pit-Claudel,OOPSLA_COMBINED,OOPSLA combined,2025,OOPSLA 2025,0,2025,PLDI,5.0,20.0,0.25,25.0,0.0
2,clementpitclaudel,Clément Pit-Claudel,OOPSLA_COMBINED,OOPSLA combined,2025,OOPSLA 2025,1,2026,ICFP,,,,,
2,clementpitclaudel,Clément Pit-Claudel,OOPSLA_COMBINED,OOPSLA combined,2025,OOPSLA 2025,1,2026,POPL,,,,,
2,clementpitclaudel,Clément Pit-Claudel,OOPSLA_COMBINED,OOPSLA combined,2025,OOPSLA 2025,1,2026,OOPSLA,,,,,
2,clementpitclaudel,Clément Pit-Claudel,OOPSLA_COMBINED,OOPSLA combined,2025,OOPSLA 2025,1,2026,PLDI,,,,,
2,clementpitclaudel,Clément Pit-Claudel,OOPSLA_COMBINED,OOPSLA combined,2025,OOPSLA 2025,2,2027,ICFP,,,,,
2,clementpitclaudel,Clément Pit-Claudel,OOPSLA_COMBINED,OOPSLA combined,2025,OOPSLA 2025,2,2027,POPL,,,,,
2,clementpitclaudel,Clément Pit-Claudel,OOPSLA_COMBINED,OOPSLA combined,2025,OOPSLA 2025,2,2027,OOPSLA,,,,,
2,clementpitclaudel,Clément Pit-Claudel,OOPSLA_COMBINED,OOPSLA combined,2025,OOPSLA 2025,2,2027,PLDI,,,,,
3,viktorkuncak,Viktor Kunčak,OOPSLA,OOPSLA,2020,OOPSLA 2020,-2,2018,ICFP,1.0,30.0,0.03333333333333333,3.3333333333333335,0.0
3,viktorkuncak,Viktor Kunčak,OOPSLA,OOPSLA,2020,OOPSLA 2020,-2,2018,POPL,19.0,30.0,0.6333333333333333,63.33333333333333,0.0
3,viktorkuncak,Viktor Kunčak,OOPSLA,OOPSLA,2020,OOPSLA 2020,-2,2018,OOPSLA,5.0,30.0,0.16666666666666666,16.666666666666664,0.0
3,viktorkuncak,Viktor Kunčak,OOPSLA,OOPSLA,2020,OOPSLA 2020,-2,2018,PLDI,5.0,30.0,0.16666666666666666,16.666666666666664,0.0
3,viktorkuncak,Viktor Kunčak,OOPSLA,OOPSLA,2020,OOPSLA 2020,-1,2019,ICFP,2.0,31.0,0.06451612903225806,6.451612903225806,0.0
3,viktorkuncak,Viktor Kunčak,OOPSLA,OOPSLA,2020,OOPSLA 2020,-1,2019,POPL,10.0,31.0,0.3225806451612903,32.25806451612903,0.0
3,viktorkuncak,Viktor Kunčak,OOPSLA,OOPSLA,2020,OOPSLA 2020,-1,2019,OOPSLA,8.0,31.0,0.25806451612903225,25.806451612903224,0.0
3,viktorkuncak,Viktor Kunčak,OOPSLA,OOPSLA,2020,OOPSLA 2020,-1,2019,PLDI,11.0,31.0,0.3548387096774194,35.483870967741936,0.0
3,viktorkuncak,Viktor Kunčak,OOPSLA,OOPSLA,2020,OOPSLA 2020,0,2020,ICFP,8.0,37.0,0.21621621621621623,21.62162162162162,0.0
3,viktorkuncak,Viktor Kunčak,OOPSLA,OOPSLA,2020,OOPSLA 2020,0,2020,POPL,2.0,37.0,0.05405405405405406,5.405405405405405,0.0
3,viktorkuncak,Viktor Kunčak,OOPSLA,OOPSLA,2020,OOPSLA 2020,0,2020,OOPSLA,20.0,37.0,0.5405405405405406,54.054054054054056,1.0
3,viktorkuncak,Viktor Kunčak,OOPSLA,OOPSLA,2020,OOPSLA 2020,0,2020,PLDI,7.0,37.0,0.1891891891891892,18.91891891891892,0.0
3,viktorkuncak,Viktor Kunčak,OOPSLA,OOPSLA,2020,OOPSLA 2020,1,2021,ICFP,3.0,36.0,0.08333333333333333,8.333333333333332,0.0
3,viktorkuncak,Viktor Kunčak,OOPSLA,OOPSLA,2020,OOPSLA 2020,1,2021,POPL,5.0,36.0,0.1388888888888889,13.88888888888889,0.0
3,viktorkuncak,Viktor Kunčak,OOPSLA,OOPSLA,2020,OOPSLA 2020,1,2021,OOPSLA,10.0,36.0,0.2777777777777778,27.77777777777778,1.0
3,viktorkuncak,Viktor Kunčak,OOPSLA,OOPSLA,2020,OOPSLA 2020,1,2021,PLDI,18.0,36.0,0.5,50.0,1.0
3,viktorkuncak,Viktor Kunčak,OOPSLA,OOPSLA,2020,OOPSLA 2020,2,2022,ICFP,0.0,17.0,0.0,0.0,0.0
3,viktorkuncak,Viktor Kunčak,OOPSLA,OOPSLA,2020,OOPSLA 2020,2,2022,POPL,6.0,17.0,0.35294117647058826,35.294117647058826,0.0
3,viktorkuncak,Viktor Kunčak,OOPSLA,OOPSLA,2020,OOPSLA 2020,2,2022,OOPSLA,6.0,17.0,0.35294117647058826,35.294117647058826,0.0
3,viktorkuncak,Viktor Kunčak,OOPSLA,OOPSLA,2020,OOPSLA 2020,2,2022,PLDI,5.0,17.0,0.29411764705882354,29.411764705882355,0.0
4,viktorkuncak,Viktor Kunčak,PLDI,PLDI,2021,PLDI 2021,-2,2019,ICFP,2.0,31.0,0.06451612903225806,6.451612903225806,0.0
4,viktorkuncak,Viktor Kunčak,PLDI,PLDI,2021,PLDI 2021,-2,2019,POPL,10.0,31.0,0.3225806451612903,32.25806451612903,0.0
4,viktorkuncak,Viktor Kunčak,PLDI,PLDI,2021,PLDI 2021,-2,2019,OOPSLA,8.0,31.0,0.25806451612903225,25.806451612903224,0.0
4,viktorkuncak,Viktor Kunčak,PLDI,PLDI,2021,PLDI 2021,-2,2019,PLDI,11.0,31.0,0.3548387096774194,35.483870967741936,0.0
4,viktorkuncak,Viktor Kunčak,PLDI,PLDI,2021,PLDI 2021,-1,2020,ICFP,8.0,37.0,0.21621621621621623,21.62162162162162,0.0
4,viktorkuncak,Viktor Kunčak,PLDI,PLDI,2021,PLDI 2021,-1,2020,POPL,2.0,37.0,0.05405405405405406,5.405405405405405,0.0
4,viktorkuncak,Viktor Kunčak,PLDI,PLDI,2021,PLDI 2021,-1,2020,OOPSLA,20.0,37.0,0.5405405405405406,54.054054054054056,1.0
4,viktorkuncak,Viktor Kunčak,PLDI,PLDI,2021,PLDI 2021,-1,2020,PLDI,7.0,37.0,0.1891891891891892,18.91891891891892,0.0
4,viktorkuncak,Viktor Kunčak,PLDI,PLDI,2021,PLDI 2021,0,2021,ICFP,3.0,36.0,0.08333333333333333,8.333333333333332,0.0
4,viktorkuncak,Viktor Kunčak,PLDI,PLDI,2021,PLDI 2021,0,2021,POPL,5.0,36.0,0.1388888888888889,13.88888888888889,0.0
4,viktorkuncak,Viktor Kunčak,PLDI,PLDI,2021,PLDI 2021,0,2021,OOPSLA,10.0,36.0,0.2777777777777778,27.77777777777778,1.0
4,viktorkuncak,Viktor Kunčak,PLDI,PLDI,2021,PLDI 2021,0,2021,PLDI,18.0,36.0,0.5,50.0,1.0
4,viktorkuncak,Viktor Kunčak,PLDI,PLDI,2021,PLDI 2021,1,2022,ICFP,0.0,17.0,0.0,0.0,0.0
4,viktorkuncak,Viktor Kunčak,PLDI,PLDI,2021,PLDI 2021,1,2022,POPL,6.0,17.0,0.35294117647058826,35.294117647058826,0.0
4,viktorkuncak,Viktor Kunčak,PLDI,PLDI,2021,PLDI 2021,1,2022,OOPSLA,6.0,17.0,0.35294117647058826,35.294117647058826,0.0
4,viktorkuncak,Viktor Kunčak,PLDI,PLDI,2021,PLDI 2021,1,2022,PLDI,5.0,17.0,0.29411764705882354,29.411764705882355,0.0
4,viktorkuncak,Viktor Kunčak,PLDI,PLDI,2021,PLDI 2021,2,2023,ICFP,2.0,24.0,0.08333333333333333,8.333333333333332,0.0
4,viktorkuncak,Viktor Kunčak,PLDI,PLDI,2021,PLDI 2021,2,2023,POPL,4.0,24.0,0.16666666666666666,16.666666666666664,0.0
4,viktorkuncak,Viktor Kunčak,PLDI,PLDI,2021,PLDI 2021,2,2023,OOPSLA,11.0,24.0,0.4583333333333333,45.83333333333333,0.0
4,viktorkuncak,Viktor Kunčak,PLDI,PLDI,2021,PLDI 2021,2,2023,PLDI,7.0,24.0,0.2916666666666667,29.166666666666668,1.0
5,peterthiemann,Peter Thiemann,ICFP,ICFP,2023,ICFP 2023,-2,2021,ICFP,3.0,14.0,0.21428571428571427,21.428571428571427,0.0
5,peterthiemann,Peter Thiemann,ICFP,ICFP,2023,ICFP 2023,-2,2021,POPL,3.0,14.0,0.21428571428571427,21.428571428571427,0.0
5,peterthiemann,Peter Thiemann,ICFP,ICFP,2023,ICFP 2023,-2,2021,OOPSLA,3.0,14.0,0.21428571428571427,21.428571428571427,0.0
5,peterthiemann,Peter Thiemann,ICFP,ICFP,2023,ICFP 2023,-2,2021,PLDI,5.0,14.0,0.35714285714285715,35.714285714285715,0.0
5,peterthiemann,Peter Thiemann,ICFP,ICFP,2023,ICFP 2023,-1,2022,ICFP,2.0,13.0,0.15384615384615385,15.384615384615385,0.0
5,peterthiemann,Peter Thiemann,ICFP,ICFP,2023,ICFP 2023,-1,2022,POPL,2.0,13.0,0.15384615384615385,15.384615384615385,0.0
5,peterthiemann,Peter Thiemann,ICFP,ICFP,2023,ICFP 2023,-1,2022,OOPSLA,6.0,13.0,0.46153846153846156,46.15384615384615,0.0
5,peterthiemann,Peter Thiemann,ICFP,ICFP,2023,ICFP 2023,-1,2022,PLDI,3.0,13.0,0.23076923076923078,23.076923076923077,0.0
5,peterthiemann,Peter Thiemann,ICFP,ICFP,2023,ICFP 2023,0,2023,ICFP,8.0,21.0,0.38095238095238093,38.095238095238095,1.0
5,peterthiemann,Peter Thiemann,ICFP,ICFP,2023,ICFP 2023,0,2023,POPL,1.0,21.0,0.047619047619047616,4.761904761904762,0.0
5,peterthiemann,Peter Thiemann,ICFP,ICFP,2023,ICFP 2023,0,2023,OOPSLA,5.0,21.0,0.23809523809523808,23.809523809523807,1.0
5,peterthiemann,Peter Thiemann,ICFP,ICFP,2023,ICFP 2023,0,2023,PLDI,7.0,21.0,0.3333333333333333,33.33333333333333,0.0
5,peterthiemann,Peter Thiemann,ICFP,ICFP,2023,ICFP 2023,1,2024,ICFP,1.0,26.0,0.038461538461538464,3.8461538461538463,0.0
5,peterthiemann,Peter Thiemann,ICFP,ICFP,2023,ICFP 2023,1,2024,POPL,9.0,26.0,0.34615384615384615,34.61538461538461,0.0
5,peterthiemann,Peter Thiemann,ICFP,ICFP,2023,ICFP 2023,1,2024,OOPSLA,9.0,26.0,0.34615384615384615,34.61538461538461,0.0
5,peterthiemann,Peter Thiemann,ICFP,ICFP,2023,ICFP 2023,1,2024,PLDI,7.0,26.0,0.2692307692307692,26.923076923076923,0.0
5,peterthiemann,Peter Thiemann,ICFP,ICFP,2023,ICFP 2023,2,2025,ICFP,4.0,14.0,0.2857142857142857,28.57142857142857,1.0
5,peterthiemann,Peter Thiemann,ICFP,ICFP,2023,ICFP 2023,2,2025,POPL,2.0,14.0,0.14285714285714285,14.285714285714285,0.0
5,peterthiemann,Peter Thiemann,ICFP,ICFP,2023,ICFP 2023,2,2025,OOPSLA,8.0,14.0,0.5714285714285714,57.14285714285714,0.0
5,peterthiemann,Peter Thiemann,ICFP,ICFP,2023,ICFP 2023,2,2025,PLDI,0.0,14.0,0.0,0.0,0.0
6,simonjgay,Simon J. Gay,ICFP,ICFP,2023,ICFP 2023,-2,2021,ICFP,2.0,7.0,0.2857142857142857,28.57142857142857,0.0
6,simonjgay,Simon J. Gay,ICFP,ICFP,2023,ICFP 2023,-2,2021,POPL,2.0,7.0,0.2857142857142857,28.57142857142857,0.0
6,simonjgay,Simon J. Gay,ICFP,ICFP,2023,ICFP 2023,-2,2021,OOPSLA,1.0,7.0,0.14285714285714285,14.285714285714285,0.0
6,simonjgay,Simon J. Gay,ICFP,ICFP,2023,ICFP 2023,-2,2021,PLDI,2.0,7.0,0.2857142857142857,28.57142857142857,0.0
6,simonjgay,Simon J. Gay,ICFP,ICFP,2023,ICFP 2023,-1,2022,ICFP,3.0,12.0,0.25,25.0,0.0
6,simonjgay,Simon J. Gay,ICFP,ICFP,2023,ICFP 2023,-1,2022,POPL,8.0,12.0,0.6666666666666666,66.66666666666666,0.0
6,simonjgay,Simon J. Gay,ICFP,ICFP,2023,ICFP 2023,-1,2022,OOPSLA,0.0,12.0,0.0,0.0,0.0
6,simonjgay,Simon J. Gay,ICFP,ICFP,2023,ICFP 2023,-1,2022,PLDI,1.0,12.0,0.08333333333333333,8.333333333333332,0.0
6,simonjgay,Simon J. Gay,ICFP,ICFP,2023,ICFP 2023,0,2023,ICFP,11.0,22.0,0.5,50.0,1.0
6,simonjgay,Simon J. Gay,ICFP,ICFP,2023,ICFP 2023,0,2023,POPL,4.0,22.0,0.18181818181818182,18.181818181818183,0.0
6,simonjgay,Simon J. Gay,ICFP,ICFP,2023,ICFP 2023,0,2023,OOPSLA,3.0,22.0,0.13636363636363635,13.636363636363635,0.0
6,simonjgay,Simon J. Gay,ICFP,ICFP,2023,ICFP 2023,0,2023,PLDI,4.0,22.0,0.18181818181818182,18.181818181818183,0.0
6,simonjgay,Simon J. Gay,ICFP,ICFP,2023,ICFP 2023,1,2024,ICFP,0.0,13.0,0.0,0.0,0.0
6,simonjgay,Simon J. Gay,ICFP,ICFP,2023,ICFP 2023,1,2024,POPL,6.0,13.0,0.46153846153846156,46.15384615384615,0.0
6,simonjgay,Simon J. Gay,ICFP,ICFP,2023,ICFP 2023,1,2024,OOPSLA,7.0,13.0,0.5384615384615384,53.84615384615385,0.0
6,simonjgay,Simon J. Gay,ICFP,ICFP,2023,ICFP 2023,1,2024,PLDI,0.0,13.0,0.0,0.0,0.0
6,simonjgay,Simon J. Gay,ICFP,ICFP,2023,ICFP 2023,2,2025,ICFP,1.0,12.0,0.08333333333333333,8.333333333333332,0.0
6,simonjgay,Simon J. Gay,ICFP,ICFP,2023,ICFP 2023,2,2025,POPL,6.0,12.0,0.5,50.0,0.0
6,simonjgay,Simon J. Gay,ICFP,ICFP,2023,ICFP 2023,2,2025,OOPSLA,5.0,12.0,0.4166666666666667,41.66666666666667,0.0
6,simonjgay,Simon J. Gay,ICFP,ICFP,2023,ICFP 2023,2,2025,PLDI,0.0,12.0,0.0,0.0,0.0
7,ezgicicek,Ezgi Çiçek,ICFP,ICFP,2019,ICFP 2019,-2,2017,ICFP,1.0,6.0,0.16666666666666666,16.666666666666664,0.0
7,ezgicicek,Ezgi Çiçek,ICFP,ICFP,2019,ICFP 2019,-2,2017,POPL,0.0,6.0,0.0,0.0,0.0
7,ezgicicek,Ezgi Çiçek,ICFP,ICFP,2019,ICFP 2019,-2,2017,OOPSLA,3.0,6.0,0.5,50.0,0.0
7,ezgicicek,Ezgi Çiçek,ICFP,ICFP,2019,ICFP 2019,-2,2017,PLDI,2.0,6.0,0.3333333333333333,33.33333333333333,0.0
7,ezgicicek,Ezgi Çiçek,ICFP,ICFP,2019,ICFP 2019,-1,2018,ICFP,5.0,8.0,0.625,62.5,0.0
7,ezgicicek,Ezgi Çiçek,ICFP,ICFP,2019,ICFP 2019,-1,2018,POPL,1.0,8.0,0.125,12.5,0.0
7,ezgicicek,Ezgi Çiçek,ICFP,ICFP,2019,ICFP 2019,-1,2018,OOPSLA,0.0,8.0,0.0,0.0,0.0
7,ezgicicek,Ezgi Çiçek,ICFP,ICFP,2019,ICFP 2019,-1,2018,PLDI,2.0,8.0,0.25,25.0,0.0
7,ezgicicek,Ezgi Çiçek,ICFP,ICFP,2019,ICFP 2019,0,2019,ICFP,7.0,12.0,0.5833333333333334,58.333333333333336,1.0
7,ezgicicek,Ezgi Çiçek,ICFP,ICFP,2019,ICFP 2019,0,2019,POPL,2.0,12.0,0.16666666666666666,16.666666666666664,0.0
7,ezgicicek,Ezgi Çiçek,ICFP,ICFP,2019,ICFP 2019,0,2019,OOPSLA,0.0,12.0,0.0,0.0,0.0
7,ezgicicek,Ezgi Çiçek,ICFP,ICFP,2019,ICFP 2019,0,2019,PLDI,3.0,12.0,0.25,25.0,0.0
7,ezgicicek,Ezgi Çiçek,ICFP,ICFP,2019,ICFP 2019,1,2020,ICFP,2.0,7.0,0.2857142857142857,28.57142857142857,0.0
7,ezgicicek,Ezgi Çiçek,ICFP,ICFP,2019,ICFP 2019,1,2020,POPL,2.0,7.0,0.2857142857142857,28.57142857142857,0.0
7,ezgicicek,Ezgi Çiçek,ICFP,ICFP,2019,ICFP 2019,1,2020,OOPSLA,3.0,7.0,0.42857142857142855,42.857142857142854,0.0
7,ezgicicek,Ezgi Çiçek,ICFP,ICFP,2019,ICFP 2019,1,2020,PLDI,0.0,7.0,0.0,0.0,0.0
7,ezgicicek,Ezgi Çiçek,ICFP,ICFP,2019,ICFP 2019,2,2021,ICFP,0.0,1.0,0.0,0.0,0.0
7,ezgicicek,Ezgi Çiçek,ICFP,ICFP,2019,ICFP 2019,2,2021,POPL,1.0,1.0,1.0,100.0,0.0
7,ezgicicek,Ezgi Çiçek,ICFP,ICFP,2019,ICFP 2019,2,2021,OOPSLA,0.0,1.0,0.0,0.0,0.0
7,ezgicicek,Ezgi Çiçek,ICFP,ICFP,2019,ICFP 2019,2,2021,PLDI,0.0,1.0,0.0,0.0,0.0
8,brandonlucia,Brandon Lucia,OOPSLA,OOPSLA,2019,OOPSLA 2019,-2,2017,ICFP,0.0,13.0,0.0,0.0,0.0
8,brandonlucia,Brandon Lucia,OOPSLA,OOPSLA,2019,OOPSLA 2019,-2,2017,POPL,0.0,13.0,0.0,0.0,0.0
8,brandonlucia,Brandon Lucia,OOPSLA,OOPSLA,2019,OOPSLA 2019,-2,2017,OOPSLA,10.0,13.0,0.7692307692307693,76.92307692307693,0.0
8,brandonlucia,Brandon Lucia,OOPSLA,OOPSLA,2019,OOPSLA 2019,-2,2017,PLDI,3.0,13.0,0.23076923076923078,23.076923076923077,0.0
8,brandonlucia,Brandon Lucia,OOPSLA,OOPSLA,2019,OOPSLA 2019,-1,2018,ICFP,0.0,13.0,0.0,0.0,0.0
8,brandonlucia,Brandon Lucia,OOPSLA,OOPSLA,2019,OOPSLA 2019,-1,2018,POPL,0.0,13.0,0.0,0.0,0.0
8,brandonlucia,Brandon Lucia,OOPSLA,OOPSLA,2019,OOPSLA 2019,-1,2018,OOPSLA,1.0,13.0,0.07692307692307693,7.6923076923076925,0.0
8,brandonlucia,Brandon Lucia,OOPSLA,OOPSLA,2019,OOPSLA 2019,-1,2018,PLDI,12.0,13.0,0.9230769230769231,92.3076923076923,0.0
8,brandonlucia,Brandon Lucia,OOPSLA,OOPSLA,2019,OOPSLA 2019,0,2019,ICFP,0.0,46.0,0.0,0.0,0.0
8,brandonlucia,Brandon Lucia,OOPSLA,OOPSLA,2019,OOPSLA 2019,0,2019,POPL,0.0,46.0,0.0,0.0,0.0
8,brandonlucia,Brandon Lucia,OOPSLA,OOPSLA,2019,OOPSLA 2019,0,2019,OOPSLA,24.0,46.0,0.5217391304347826,52.17391304347826,1.0
8,brandonlucia,Brandon Lucia,OOPSLA,OOPSLA,2019,OOPSLA 2019,0,2019,PLDI,22.0,46.0,0.4782608695652174,47.82608695652174,0.0
8,brandonlucia,Brandon Lucia,OOPSLA,OOPSLA,2019,OOPSLA 2019,1,2020,ICFP,0.0,25.0,0.0,0.0,0.0
8,brandonlucia,Brandon Lucia,OOPSLA,OOPSLA,2019,OOPSLA 2019,1,2020,POPL,0.0,25.0,0.0,0.0,0.0
8,brandonlucia,Brandon Lucia,OOPSLA,OOPSLA,2019,OOPSLA 2019,1,2020,OOPSLA,14.0,25.0,0.56,56.00000000000001,0.0
8,brandonlucia,Brandon Lucia,OOPSLA,OOPSLA,2019,OOPSLA 2019,1,2020,PLDI,11.0,25.0,0.44,44.0,0.0
8,brandonlucia,Brandon Lucia,OOPSLA,OOPSLA,2019,OOPSLA 2019,2,2021,ICFP,0.0,12.0,0.0,0.0,0.0
8,brandonlucia,Brandon Lucia,OOPSLA,OOPSLA,2019,OOPSLA 2019,2,2021,POPL,0.0,12.0,0.0,0.0,0.0
8,brandonlucia,Brandon Lucia,OOPSLA,OOPSLA,2019,OOPSLA 2019,2,2021,OOPSLA,0.0,12.0,0.0,0.0,0.0
8,brandonlucia,Brandon Lucia,OOPSLA,OOPSLA,2019,OOPSLA 2019,2,2021,PLDI,12.0,12.0,1.0,100.0,1.0
9,jonathanbrachthauser,Jonathan Immanuel Brachthäuser,POPL,POPL,2024,POPL 2024,-2,2022,ICFP,0.0,18.0,0.0,0.0,0.0
9,jonathanbrachthauser,Jonathan Immanuel Brachthäuser,POPL,POPL,2024,POPL 2024,-2,2022,POPL,0.0,18.0,0.0,0.0,0.0
9,jonathanbrachthauser,Jonathan Immanuel Brachthäuser,POPL,POPL,2024,POPL 2024,-2,2022,OOPSLA,11.0,18.0,0.6111111111111112,61.111111111111114,0.0
9,jonathanbrachthauser,Jonathan Immanuel Brachthäuser,POPL,POPL,2024,POPL 2024,-2,2022,PLDI,7.0,18.0,0.3888888888888889,38.88888888888889,0.0
9,jonathanbrachthauser,Jonathan Immanuel Brachthäuser,POPL,POPL,2024,POPL 2024,-1,2023,ICFP,4.0,19.0,0.21052631578947367,21.052631578947366,1.0
9,jonathanbrachthauser,Jonathan Immanuel Brachthäuser,POPL,POPL,2024,POPL 2024,-1,2023,POPL,1.0,19.0,0.05263157894736842,5.263157894736842,0.0
9,jonathanbrachthauser,Jonathan Immanuel Brachthäuser,POPL,POPL,2024,POPL 2024,-1,2023,OOPSLA,14.0,19.0,0.7368421052631579,73.68421052631578,0.0
9,jonathanbrachthauser,Jonathan Immanuel Brachthäuser,POPL,POPL,2024,POPL 2024,-1,2023,PLDI,0.0,19.0,0.0,0.0,0.0
9,jonathanbrachthauser,Jonathan Immanuel Brachthäuser,POPL,POPL,2024,POPL 2024,0,2024,ICFP,8.0,45.0,0.17777777777777778,17.77777777777778,0.0
9,jonathanbrachthauser,Jonathan Immanuel Brachthäuser,POPL,POPL,2024,POPL 2024,0,2024,POPL,16.0,45.0,0.35555555555555557,35.55555555555556,1.0
9,jonathanbrachthauser,Jonathan Immanuel Brachthäuser,POPL,POPL,2024,POPL 2024,0,2024,OOPSLA,18.0,45.0,0.4,40.0,1.0
9,jonathanbrachthauser,Jonathan Immanuel Brachthäuser,POPL,POPL,2024,POPL 2024,0,2024,PLDI,3.0,45.0,0.06666666666666667,6.666666666666667,0.0
9,jonathanbrachthauser,Jonathan Immanuel Brachthäuser,POPL,POPL,2024,POPL 2024,1,2025,ICFP,6.0,48.0,0.125,12.5,1.0
9,jonathanbrachthauser,Jonathan Immanuel Brachthäuser,POPL,POPL,2024,POPL 2024,1,2025,POPL,2.0,48.0,0.041666666666666664,4.166666666666666,0.0
9,jonathanbrachthauser,Jonathan Immanuel Brachthäuser,POPL,POPL,2024,POPL 2024,1,2025,OOPSLA,38.0,48.0,0.7916666666666666,79.16666666666666,0.0
9,jonathanbrachthauser,Jonathan Immanuel Brachthäuser,POPL,POPL,2024,POPL 2024,1,2025,PLDI,2.0,48.0,0.041666666666666664,4.166666666666666,0.0
9,jonathanbrachthauser,Jonathan Immanuel Brachthäuser,POPL,POPL,2024,POPL 2024,2,2026,ICFP,,,,,
9,jonathanbrachthauser,Jonathan Immanuel Brachthäuser,POPL,POPL,2024,POPL 2024,2,2026,POPL,,,,,
9,jonathanbrachthauser,Jonathan Immanuel Brachthäuser,POPL,POPL,2024,POPL 2024,2,2026,OOPSLA,,,,,
9,jonathanbrachthauser,Jonathan Immanuel Brachthäuser,POPL,POPL,2024,POPL 2024,2,2026,PLDI,,,,,
10,fritzhenglein,Fritz Henglein,POPL,POPL,2024,POPL 2024,-2,2022,ICFP,0.0,6.0,0.0,0.0,0.0
10,fritzhenglein,Fritz Henglein,POPL,POPL,2024,POPL 2024,-2,2022,POPL,2.0,6.0,0.3333333333333333,33.33333333333333,0.0
10,fritzhenglein,Fritz Henglein,POPL,POPL,2024,POPL 2024,-2,2022,OOPSLA,2.0,6.0,0.3333333333333333,33.33333333333333,0.0
10,fritzhenglein,Fritz Henglein,POPL,POPL,2024,POPL 2024,-2,2022,PLDI,2.0,6.0,0.3333333333333333,33.33333333333333,0.0
10,fritzhenglein,Fritz Henglein,POPL,POPL,2024,POPL 2024,-1,2023,ICFP,0.0,3.0,0.0,0.0,0.0
10,fritzhenglein,Fritz Henglein,POPL,POPL,2024,POPL 2024,-1,2023,POPL,0.0,3.0,0.0,0.0,0.0
10,fritzhenglein,Fritz Henglein,POPL,POPL,2024,POPL 2024,-1,2023,OOPSLA,1.0,3.0,0.3333333333333333,33.33333333333333,0.0
10,fritzhenglein,Fritz Henglein,POPL,POPL,2024,POPL 2024,-1,2023,PLDI,2.0,3.0,0.6666666666666666,66.66666666666666,0.0
10,fritzhenglein,Fritz Henglein,POPL,POPL,2024,POPL 2024,0,2024,ICFP,1.0,25.0,0.04,4.0,0.0
10,fritzhenglein,Fritz Henglein,POPL,POPL,2024,POPL 2024,0,2024,POPL,13.0,25.0,0.52,52.0,1.0
10,fritzhenglein,Fritz Henglein,POPL,POPL,2024,POPL 2024,0,2024,OOPSLA,4.0,25.0,0.16,16.0,0.0
10,fritzhenglein,Fritz Henglein,POPL,POPL,2024,POPL 2024,0,2024,PLDI,7.0,25.0,0.28,28.000000000000004,0.0
10,fritzhenglein,Fritz Henglein,POPL,POPL,2024,POPL 2024,1,2025,ICFP,0.0,7.0,0.0,0.0,1.0
10,fritzhenglein,Fritz Henglein,POPL,POPL,2024,POPL 2024,1,2025,POPL,2.0,7.0,0.2857142857142857,28.57142857142857,0.0
10,fritzhenglein,Fritz Henglein,POPL,POPL,2024,POPL 2024,1,2025,OOPSLA,4.0,7.0,0.5714285714285714,57.14285714285714,0.0
10,fritzhenglein,Fritz Henglein,POPL,POPL,2024,POPL 2024,1,2025,PLDI,1.0,7.0,0.14285714285714285,14.285714285714285,0.0
10,fritzhenglein,Fritz Henglein,POPL,POPL,2024,POPL 2024,2,2026,ICFP,,,,,
10,fritzhenglein,Fritz Henglein,POPL,POPL,2024,POPL 2024,2,2026,POPL,,,,,
10,fritzhenglein,Fritz Henglein,POPL,POPL,2024,POPL 2024,2,2026,OOPSLA,,,,,
10,fritzhenglein,Fritz Henglein,POPL,POPL,2024,POPL 2024,2,2026,PLDI,,,,,
